Company,Salary,Date Posted,Title,Location,Job ID,Job Link,Job Type,Current Date Time,Remote / Hybrid
Caladwich Consulting LLC,"$62,000.00 - $70,000.00 a Yearly",2024-01-24 06:00:00,Jr. Data Analyst,Remote,fb2dfe8f3e2b8264,https://www.indeed.com/viewjob?jk=fb2dfe8f3e2b8264&from=vjs&tk=1hl0h7800j5m3803&viewtype=embedded&xkcb=SoAU67M3FgqS2bWfyB0JbzkdCdPP&continueUrl=%2Fjobs%3Fsc%3D0kf%253Ajt%2528contract%2529%253B%26q%3Ddata%2Banalyst%26page%3D0,Contract,2024-01-25 20:13:43,Remote
Leadstack Inc,$40.00 - $50.00 a Hourly,2024-01-22 06:00:00,Data Analyst,"Sunnyvale, CA 94086",131a8b1b111eff14,https://www.indeed.com/viewjob?jk=131a8b1b111eff14&from=vjs&tk=1hl0h7800j5m3803&viewtype=embedded&xkcb=SoAu67M3FgqS2bWfyB0PbzkdCdPP&continueUrl=%2Fjobs%3Fsc%3D0kf%253Ajt%2528contract%2529%253B%26q%3Ddata%2Banalyst%26page%3D0,Contract,2024-01-25 20:13:43,Hybrid/On Site
BNY Mellon,"$86,547.04 - $109,587.84 a Yearly",2024-01-23 06:00:00,Data Analyst III (contract),"Lake Mary, FL",5b09eeafd4d6e580,https://www.indeed.com/viewjob?jk=5b09eeafd4d6e580&from=vjs&tk=1hl0h7800j5m3803&viewtype=embedded&xkcb=SoCa67M3FgqS2bWfyB0ObzkdCdPP&continueUrl=%2Fjobs%3Fsc%3D0kf%253Ajt%2528contract%2529%253B%26q%3Ddata%2Banalyst%26page%3D0,Contract,2024-01-25 20:13:43,Hybrid/On Site
BNY Mellon,$80.00 - $88.00 a Hourly,2024-01-22 06:00:00,Senior Data Analyst (contract),"New York, NY",3d47c66df5528e2c,https://www.indeed.com/viewjob?jk=3d47c66df5528e2c&from=vjs&tk=1hl0h7800j5m3803&viewtype=embedded&xkcb=SoAH67M3FgqS2bWfyB0NbzkdCdPP&continueUrl=%2Fjobs%3Fsc%3D0kf%253Ajt%2528contract%2529%253B%26q%3Ddata%2Banalyst%26page%3D0,Contract,2024-01-25 20:13:43,Hybrid/On Site
Trinity Technologies,$24.23 - $63.83 a Hourly,2024-01-25 06:00:00,Data Analyst,"Alpharetta, GA",6acaee116ae896fe,https://www.indeed.com/viewjob?jk=6acaee116ae896fe&from=vjs&tk=1hl0h7800j5m3803&viewtype=embedded&xkcb=SoBa67M3FgqS2bWfyB0DbzkdCdPP&continueUrl=%2Fjobs%3Fsc%3D0kf%253Ajt%2528contract%2529%253B%26q%3Ddata%2Banalyst%26page%3D0,Part-time,2024-01-25 20:13:43,Hybrid/On Site
SN Cloud Solutions,"$99,365.57 - $125,818.96 a Yearly",2024-01-16 06:00:00,Data Analyst,"Richmond, VA",893620e91f5edfb8,https://www.indeed.com/viewjob?jk=893620e91f5edfb8&from=vjs&tk=1hl0h7800j5m3803&viewtype=embedded&xkcb=SoDu67M3FgqS2bWfyB0CbzkdCdPP&continueUrl=%2Fjobs%3Fsc%3D0kf%253Ajt%2528contract%2529%253B%26q%3Ddata%2Banalyst%26page%3D0,Contract,2024-01-25 20:13:43,Hybrid/On Site
Comprise IT Solutions LLC,$55.00 - $-1.00 a Hourly,2024-01-23 06:00:00,Data Analyst,"Houston, TX 77004",865b6bf77eae16d6,https://www.indeed.com/viewjob?jk=865b6bf77eae16d6&from=vjs&tk=1hl0h7800j5m3803&viewtype=embedded&xkcb=SoBz67M3FgqS2bWfyB0BbzkdCdPP&continueUrl=%2Fjobs%3Fsc%3D0kf%253Ajt%2528contract%2529%253B%26q%3Ddata%2Banalyst%26page%3D0,Contract,2024-01-25 20:13:43,Hybrid/On Site
Infoorigin inc,$27.12 - $61.00 a Hourly,2024-01-19 06:00:00,Data Analyst,"Richmond, VA",bfa72a7135a75fa0,https://www.indeed.com/viewjob?jk=bfa72a7135a75fa0&from=vjs&tk=1hl0h7800j5m3803&viewtype=embedded&xkcb=SoBJ67M3FgqS2bWfyB0HbzkdCdPP&continueUrl=%2Fjobs%3Fsc%3D0kf%253Ajt%2528contract%2529%253B%26q%3Ddata%2Banalyst%26page%3D0,Contract,2024-01-25 20:13:43,Hybrid/On Site
Divish LLC,$0.00 - $80.00 a Hourly,2024-01-23 06:00:00,Data Mining Analyst,"Austin, TX 78751",e4d8a6d138da8b6f,https://www.indeed.com/viewjob?jk=e4d8a6d138da8b6f&from=vjs&tk=1hl0h7800j5m3803&viewtype=embedded&xkcb=SoD967M3FgqS2bWfyB0GbzkdCdPP&continueUrl=%2Fjobs%3Fsc%3D0kf%253Ajt%2528contract%2529%253B%26q%3Ddata%2Banalyst%26page%3D0,Contract,2024-01-25 20:13:43,Hybrid/On Site
Chabez Tech,"$76,764.78 - $97,201.31 a Yearly",2024-01-24 06:00:00,Data Analyst,"Atlanta, GA 30302",a95d343e8f73dff7,https://www.indeed.com/viewjob?jk=a95d343e8f73dff7&from=vjs&tk=1hl0h7800j5m3803&viewtype=embedded&xkcb=SoBg67M3FgqS2bWfyB0FbzkdCdPP&continueUrl=%2Fjobs%3Fsc%3D0kf%253Ajt%2528contract%2529%253B%26q%3Ddata%2Banalyst%26page%3D0,Contract,2024-01-25 20:13:43,Hybrid/On Site
ALTA IT Services,$0.00 - $45.00 a Hourly,2024-01-24 06:00:00,Informatica IDMC - Data Analyst / Engineer - Contract to Hire - Remote,"Baltimore, MD 21224",3d81c2ec603b75b2,https://www.indeed.com/viewjob?jk=3d81c2ec603b75b2&from=vjs&tk=1hl0h7c3n2gvj001&viewtype=embedded&advn=1591925339783298&adid=380754293&ad=-6NYlbfkN0AXtvPDqDev6liskt-h_3vAUEMM26GmMOlWYCAn-kvNiXTWhOpXUsJAjGAig0pzkvagohg1Z79cLlkkh08lmJEWqBBMlHVp-884gdHch1FwwhnxOFRkCRKcB5saeR-DYgdal8m0Kx-WOzQalLe0jO4D62eaW55llFcEPLY7LY_TG65Vlyy2QBxADAUznA5y8OItfZIfzazYyKu3GK9y8Xdi8APyZAMsc0Lp4Uju1Yk6UIKkQTzZu54FDRVRrPFnqI5rgYZgasMCRtp50sf3KHdAPJcV37IaQ4pGX5DiQ_9NG5gIwUqaV3Mc-A86de9QF-IBCL4OWUAj3auFMMNPF67RtB1-Zx1ZuwzIx8YFqYaVrf3y9E8uAnzdbhE9N3OgcZ-y3UcaRr_os_Sxl_7gr176yUlpxJGhBrvQUCAnSt93Qjz4iL8VBa5veZQMcdyKGC2A1sCgx9bxbrpwpEbSJju-ueXDMrAW_LYrIy7YWSlfZ_mV-wubdgFAGmqnat_dMQ6f5w9JLhd9Rp-SHfrw_adZR8jikj2t1hgfq_Ih3O1l9FxVmWGy3Pn6G9JVFMJHIeb0HTzwi4Iyn_b2I0_Xgyj9C5aRz2lhA-dAoujdsj2VV7wZ_IbPs4rOq1Uoa8dzUxupnVJIwBX7eMlzetkI6aBIHtuZcu-HPnHVr9mOw8nH3ligkjoZdUxWIz4HizubiLT9F8TjXzVpuVCIYsJiFx6Y5K0qkOibtEDTfj6jQXweotZ4y2iuczvp784uCeIqhupM3OzzuVG3h5Y_ZK-V87Wy41jojpuvlkOox_Ow2FlmP4Mp2OxjERDb&xkcb=SoDn6_M3FgqSXZgDB70PbzkdCdPP&continueUrl=%2Fjobs%3Fsc%3D0kf%253Ajt%2528contract%2529%253B%26q%3Ddata%2Banalyst%26page%3D10,Contract,2024-01-25 20:13:48,Hybrid/On Site
AgreeYa Solutions,$50.00 - $55.00 a Hourly,2024-01-24 06:00:00,Data Analyst,"Montgomery, AL",4428ab5932734208,https://www.indeed.com/viewjob?jk=4428ab5932734208&from=vjs&tk=1hl0h7c3n2gvj001&viewtype=embedded&advn=3100952094489187&adid=402888065&ad=-6NYlbfkN0Dwb_YIohz4zuU9-hizYTxpAJ9-qZQvsILXUPhgrrTAx1TYtkr7S8WxTNXlGLMW_ng_4uuhaTxMi36nzov5dxli8WB5ynbLpTZtFRpjCNRF8C5TpOSD6oMImUjGztKH2gfg-LX2SjlK0TyU7i5etQQvDYo2taFIDapFCUV03fJzABjuU7PfaxYUnwN4i-cQ0NoHk0N0Siel7yfyDTWUlfeXhN2Sf9ov6WTyABJScZfUUsvB84_GAmL37XuriqSSeAltZSCvQcX_FYu_GRx50OLL-fxsgtXf14-wg56g7qtAkHo9WnfRQrPZPBDoVYiILHlpgMXNJph0e645eHUnwGRxEmIND6lzruPH0hD4Nj5FfZ57wsYjHD1S9iR5BRHk8HEcczt-ubotPBU8aSkKbbrtyPEH6vbqgh60plPAj-5Z0cfQTe7IDXC5bmn1UDpGmJUPpMq-ARzeP37G86AMcd54JLmryCgEFTSoHB6eFM5GkBAl_c3m6wjPINg7cyj_IUjHFTY-RC_MIDC-_NmW_VHNpl8r07uNKMbnGibiP6JoZVscvDr79VZ-hW88tTeLGaCkhSQKv_sViJgXgE6QntGxB9drnQnGWtujqf5CwtQZ7D0qVNt7NBVB&xkcb=SoBT6_M3FgqSXZgDB70ObzkdCdPP&continueUrl=%2Fjobs%3Fsc%3D0kf%253Ajt%2528contract%2529%253B%26q%3Ddata%2Banalyst%26page%3D10,Contract,2024-01-25 20:13:48,Hybrid/On Site
Kforce,$42.50 - $57.50 a Hourly,2024-01-18 06:00:00,Data Analyst,"Jacksonville, FL 32246",e858f566bc60e5d2,https://www.indeed.com/viewjob?jk=e858f566bc60e5d2&from=vjs&tk=1hl0h7c3n2gvj001&viewtype=embedded&advn=253019782202538&adid=380630240&ad=-6NYlbfkN0C5IatSLh_Ak1q39eQQoPIxD737RW9NeiYGvIRXkrLjEBkC4LI6KweFMaB7igpdWMkiVnKMipUDUmeV-EE9MAqVQxLeuL4QNd9ANI0yImWe_cmT_tgtWYdA4dXrpI0fZGFv2pdC1EHLYTlqVzSluZUt6ZzFvlDzEFlk7gMT8GruQ96li5oPx5GXwGa8EJSi8XnH9Mj71-PsNHFHCBlSOtN8DuYa4V9l9sJAbyRJ8kFzI8BJFfoyW3MEyZ3S1SVsMAFTo6K-PpNSX9PNlp0f3eAp5QjFmYxZP5Fg5wYQa7XQS4TEAmiCWxRKO28yadio6rxjlQREwgGwmriaSEAttAgmIXMHMtQG0Gnrw4ltWjum37WjcrHBmZM4e2VQ1S2R8IOdmZLD7UCKnuysFrjQrVLaWiI51_GIO2WXyJ_HTNyALlvA_U4dO_DWbbxECZTzk3rjEIfhan6yQN1v18HIGO7owqYLIzVkAmGHxSY6HlCzabL7e2oU4SAmndNAZqqEQPVGYyWtLvmzqRbc7uIBZjIfbQLhgdyA25o8TOV7GUT5R49GRkXDUgpMq9o-fX_yPKD28GIMIfRXSvIMspKc2YdUQXRcWCYAx-DwOWD2j-nvdBjn0Az_1YLqJH8lcdk8UTY-O4zfcxa8PziDrC39sSG7AxHAjHYiAV1qRlXYP8apJthmw456D4cxKGSbi-9ZqWMksrgZQrpJQWYyepMM8oDWQj6Uc0lOZr0J5VR2Ey5jkg%3D%3D&xkcb=SoDO6_M3FgqSXZgDB70NbzkdCdPP&continueUrl=%2Fjobs%3Fsc%3D0kf%253Ajt%2528contract%2529%253B%26q%3Ddata%2Banalyst%26page%3D10,Contract,2024-01-25 20:13:48,Hybrid/On Site
"TalentBurst, Inc.",$70.00 - $78.00 a Hourly,2024-01-10 06:00:00,Sr. Data Analyst,"Quincy, MA 02170",d0fd012efd61d299,https://www.indeed.com/viewjob?jk=d0fd012efd61d299&from=vjs&tk=1hl0h7c3n2gvj001&viewtype=embedded&advn=2769455239497812&adid=416904455&ad=-6NYlbfkN0AytblDjMhCTRr2PwXSTF3LlCyagmIhB_qBKYhkTsU9J0hTk5FFAzwJDmkNUWL_TlVwi5d_hZFTr5OG1scffa7AQRuP8WjBmELFfwI2T67xMCOEoPwpRDToVBW46Gqy2H6r-nW3yIZvo7yAXAbSI0llsygF-OEtcYrxMqbSbbi6fTEXIXFr3rgFq4IiO4U47ffWl_Ii09BnAplwCiPg5U-tKxG-pm09e5IFiuFaB87IazFwzjS-Vw4tb7z_cX2-Dfx2NzpucjF3S2InC5n1vCzSz7Xw8ilLFaFSfgT5UTeJ7XiEVJXjbooSs-m22B_SXr27UzgLULB2hr9h9hLTAriv6LdBioieBZkKg3JX4SunHvMdCteTykgDKK7LJkaz_HGlEBDHfWtf95jTseLk8AvPihKg4cQ0IZUWFmpGF4BjdHJ4UIcj8pmA2WX7gjqNm7En3PGIWqnGAPuIP6iDqMsN5ZiDkCDgi9NelXwiI2D6xt3n02A6Tf1Wsc6wRzbkQUf1hr_JJPc64qjY_4pNecNMUFsl7ZUqpZH501CsKkYJCucxRdRW05jwBkwnfHW8J0LqWCJWxSGZFUupPkiMfZ4xXOihz9gzR4rizX-zmcKUEUzzIMvxgUdLEt-L2rhcAKp4lIko_x2HoX-1SrtAwkSkYnCcPBDn-TV46s7BExbbJCeWptHIVd4hpMCuZ7I2BvPxavak9woAIhpqyx8hxzdLarUxwiZwajSQfMEhUv1vEsA7i4y8rHEssNcn3HA_aJfmd5i42NBdStrEcLzmNlmZuFyhZ5ouwjl-IU2--fJB2XY7upE556nYJCe_pLnQwkG97lCh5Gauu4rFy_bKL3fTPucDSuZrxy6h-bO7t1wBlrbSkNfw4n9UDlxLqJipZAdMs4nqFx8aAJ7QSXiC-gvSplmU3mIrI_RV05IRZooFhOVwRVpim7Na0hOGzOOFnJrnZyHV-7aMzRfSCM5rh7mWMzccyUTAKxP1_xs7EIZw8q9WyF6dtSzz25WkmoSRlMwSD9sZlnaHuySWucIqOv7itObsmt0a4T5yaH0Bi2bAOrVctMLSaMXKP84zsT102OgaINJ5737uiSDRLWZz62zEd1VueLolVaWvprSuB8q6EPbMP8tg72Mb&xkcb=SoB66_M3FgqSXZgDB70MbzkdCdPP&continueUrl=%2Fjobs%3Fsc%3D0kf%253Ajt%2528contract%2529%253B%26q%3Ddata%2Banalyst%26page%3D10,Contract,2024-01-25 20:13:48,Hybrid/On Site
Caladwich Consulting LLC,"$62,000.00 - $70,000.00 a Yearly",2024-01-24 06:00:00,Jr. Data Analyst,Remote,fb2dfe8f3e2b8264,https://www.indeed.com/viewjob?jk=fb2dfe8f3e2b8264&from=vjs&tk=1hl0h7c3n2gvj001&viewtype=embedded&xkcb=SoD667M3FgqSXZgDB70AbzkdCdPP&continueUrl=%2Fjobs%3Fsc%3D0kf%253Ajt%2528contract%2529%253B%26q%3Ddata%2Banalyst%26page%3D10,Contract,2024-01-25 20:13:48,Remote
BNY Mellon,"$86,547.04 - $109,587.84 a Yearly",2024-01-23 06:00:00,Data Analyst III (contract),"Lake Mary, FL",5b09eeafd4d6e580,https://www.indeed.com/viewjob?jk=5b09eeafd4d6e580&from=vjs&tk=1hl0h7c3n2gvj001&viewtype=embedded&xkcb=SoB067M3FgqSXZgDB70HbzkdCdPP&continueUrl=%2Fjobs%3Fsc%3D0kf%253Ajt%2528contract%2529%253B%26q%3Ddata%2Banalyst%26page%3D10,Contract,2024-01-25 20:13:48,Hybrid/On Site
Leadstack Inc,$40.00 - $50.00 a Hourly,2024-01-22 06:00:00,Data Analyst,"Sunnyvale, CA 94086",131a8b1b111eff14,https://www.indeed.com/viewjob?jk=131a8b1b111eff14&from=vjs&tk=1hl0h7c3n2gvj001&viewtype=embedded&xkcb=SoDA67M3FgqSXZgDB70GbzkdCdPP&continueUrl=%2Fjobs%3Fsc%3D0kf%253Ajt%2528contract%2529%253B%26q%3Ddata%2Banalyst%26page%3D10,Contract,2024-01-25 20:13:48,Hybrid/On Site
Trinity Technologies,$24.23 - $63.83 a Hourly,2024-01-25 06:00:00,Data Analyst,"Alpharetta, GA",6acaee116ae896fe,https://www.indeed.com/viewjob?jk=6acaee116ae896fe&from=vjs&tk=1hl0h7c3n2gvj001&viewtype=embedded&xkcb=SoBd67M3FgqSXZgDB70FbzkdCdPP&continueUrl=%2Fjobs%3Fsc%3D0kf%253Ajt%2528contract%2529%253B%26q%3Ddata%2Banalyst%26page%3D10,Part-time,2024-01-25 20:13:48,Hybrid/On Site
BNY Mellon,$80.00 - $88.00 a Hourly,2024-01-22 06:00:00,Senior Data Analyst (contract),"New York, NY",3d47c66df5528e2c,https://www.indeed.com/viewjob?jk=3d47c66df5528e2c&from=vjs&tk=1hl0h7c3n2gvj001&viewtype=embedded&xkcb=SoDp67M3FgqSXZgDB70EbzkdCdPP&continueUrl=%2Fjobs%3Fsc%3D0kf%253Ajt%2528contract%2529%253B%26q%3Ddata%2Banalyst%26page%3D10,Contract,2024-01-25 20:13:48,Hybrid/On Site
Revel IT,"$69,644.41 - $88,185.34 a Yearly",2024-01-18 06:00:00,Business Analyst | 981452,"Saint Paul, MN",9f066094bd806c77,https://www.indeed.com/viewjob?jk=9f066094bd806c77&from=vjs&tk=1hl0h7c3n2gvj001&viewtype=embedded&advn=1669807055287336&adid=399282467&ad=-6NYlbfkN0CBMkGvlwK6m9pia4-10scwEdV1tdP_EMYk-E5OaTX1bbPR3_bViPjCtehIWQndUty83TPCA2kckU0SzCz2blQjX4yYWB7TOfGr8PglGdJ6N1dbEVmK0ujE0_tvtgOE4hlzpUUiIIv3_kBcAsFvfo06YCEEV9ZkbNFE8BR3MwK2hl62SmRnV5_lrkveI2keBsdgDhk9SwA3cbMtx1HjpSavCXf7EsJ9S6BNUV4WU1SgbvnvJlN0qRx-4KNKHelIiQzBiY8x2r384oKGCLPMctTQ0gzIXlZOluxHy74q05BW7hmJ7tQg7HHhNledeiA6glWZ_BlrNgNqFBKKAqRSrjqnFUUBcS07v3IOP4F7nv0piCRI_qx23sCU0WBZYs-YeRj2Al4cvZvSGSrXAmMIz4fsPSrnk9IE18k5jkQQL24mXxPDwXhUwWHPUlTljWqlprp6MQWH-iO74qpWCIeLZ_-m1c_CRkFRvWLvcb2PA-dmI_BvqyY6cAl017HbQoS94jalv1mj6ZUNZwgjWBE0tUa0XEDdzGogEMGkJ8noT2_PcSZg-_X-hvTMGGhR_q5DYeNUG23fM9F3o5MnBXv8rOI47XwlYDqNrMaTz1JpGAFkN5E1z7gbQy_PmwIqLwNcF8jj1L9DUlFe2E4pa85x5XoS1zxD3v9yLTP0ta1TMRbtbw%3D%3D&xkcb=SoCO6_M3FgqSXZgDB70abzkdCdPP&continueUrl=%2Fjobs%3Fsc%3D0kf%253Ajt%2528contract%2529%253B%26q%3Ddata%2Banalyst%26page%3D10,Contract,2024-01-25 20:13:48,Hybrid/On Site
Atlas,$80.00 - $90.00 a Hourly,2023-11-17 06:00:00,Scientific Business Analyst - Formulation Development,"Tarrytown, NY 10591",465ee35ee040b0c8,https://www.indeed.com/viewjob?jk=465ee35ee040b0c8&from=vjs&tk=1hl0h7iffj5nl801&viewtype=embedded&advn=9204108930614094&adid=420250063&ad=-6NYlbfkN0DFt5CLWch_-uKpf_0Ky8M_iFaKSU6X2cPjQwIk2lGN2xtd-XSd2vFq47PYS_DTBw0NirUm0iqDr8VWnlf01-IuuxyE8YQYzpssj0qT7dwOV5ZAfap6IOKUNMhuE1XMIjC6geTAkK0KsoLz1u9JX0Uv7NuYbjQ1kKE7lk2PQOxXAea7eC40Rq9FpO0O_qqfHOd6gAQhCFPsXaHcP-HlkBAt80Mu5WGQW31vinLXWw12FAzQ3GToT2jHy-P3uoCG_wBDz1ODldTVpr26tWSj7HBJTXhyqoUCMzO1LalbzUoGFmyHnquql3uuofwdONHz91JvwVPVyhoRJ_L2PgkSHyDT55cCIsJWOMr7bSOJWNO__BVjv45SfARfnJwkOAwoOyCCiVt2p-_GlEfvlgNfnfnvrwmoVaS8zLHyy3x51T0kT-8aGeK0q8cPrfgBTySK2nW7Db8uUM1iMDsTy5umJVgBxq7i6knuhtRhv46fymV-WDvWgHNzuqSQqVSRJhl6cArBq6cKdUi9KYuBceb8GxDLoNqFrkGyNo3oFqPNOO7FQ7oJzwfF8gexh3ue47eyGl4ity-XiS1HCaJiqxMIpFT5wTZ5VpuIvD4_MtMqFw5N-Cp_w6hVrk4ALBue4OUEmCYK73w_ndCfBkfAg5WPA_u-Pz8Kfkgc0t-ojrurkdM_PcxucUKENW0T&xkcb=SoDA6_M3FgqRicxRp50LbzkdCdPP&continueUrl=%2Fjobs%3Fsc%3D0kf%253Ajt%2528contract%2529%253B%26q%3Ddata%2Banalyst%26page%3D20,Contract,2024-01-25 20:13:54,Hybrid/On Site
Caladwich Consulting LLC,"$62,000.00 - $70,000.00 a Yearly",2024-01-24 06:00:00,Jr. Data Analyst,Remote,fb2dfe8f3e2b8264,https://www.indeed.com/viewjob?jk=fb2dfe8f3e2b8264&from=vjs&tk=1hl0h7iffj5nl801&viewtype=embedded&xkcb=SoCp67M3FgqRicxRp50IbzkdCdPP&continueUrl=%2Fjobs%3Fsc%3D0kf%253Ajt%2528contract%2529%253B%26q%3Ddata%2Banalyst%26page%3D20,Contract,2024-01-25 20:13:54,Remote
Leadstack Inc,$40.00 - $50.00 a Hourly,2024-01-22 06:00:00,Data Analyst,"Sunnyvale, CA 94086",131a8b1b111eff14,https://www.indeed.com/viewjob?jk=131a8b1b111eff14&from=vjs&tk=1hl0h7iffj5nl801&viewtype=embedded&xkcb=SoCT67M3FgqRicxRp50ObzkdCdPP&continueUrl=%2Fjobs%3Fsc%3D0kf%253Ajt%2528contract%2529%253B%26q%3Ddata%2Banalyst%26page%3D20,Contract,2024-01-25 20:13:54,Hybrid/On Site
BNY Mellon,"$86,547.04 - $109,587.84 a Yearly",2024-01-23 06:00:00,Data Analyst III (contract),"Lake Mary, FL",5b09eeafd4d6e580,https://www.indeed.com/viewjob?jk=5b09eeafd4d6e580&from=vjs&tk=1hl0h7iffj5nl801&viewtype=embedded&xkcb=SoAO67M3FgqRicxRp50NbzkdCdPP&continueUrl=%2Fjobs%3Fsc%3D0kf%253Ajt%2528contract%2529%253B%26q%3Ddata%2Banalyst%26page%3D20,Contract,2024-01-25 20:13:54,Hybrid/On Site
BNY Mellon,$80.00 - $88.00 a Hourly,2024-01-22 06:00:00,Senior Data Analyst (contract),"New York, NY",3d47c66df5528e2c,https://www.indeed.com/viewjob?jk=3d47c66df5528e2c&from=vjs&tk=1hl0h7iffj5nl801&viewtype=embedded&xkcb=SoC667M3FgqRicxRp50MbzkdCdPP&continueUrl=%2Fjobs%3Fsc%3D0kf%253Ajt%2528contract%2529%253B%26q%3Ddata%2Banalyst%26page%3D20,Contract,2024-01-25 20:13:54,Hybrid/On Site
Trinity Technologies,$24.23 - $63.83 a Hourly,2024-01-25 06:00:00,Data Analyst,"Alpharetta, GA",6acaee116ae896fe,https://www.indeed.com/viewjob?jk=6acaee116ae896fe&from=vjs&tk=1hl0h7iffj5nl801&viewtype=embedded&xkcb=SoDn67M3FgqRicxRp50CbzkdCdPP&continueUrl=%2Fjobs%3Fsc%3D0kf%253Ajt%2528contract%2529%253B%26q%3Ddata%2Banalyst%26page%3D20,Part-time,2024-01-25 20:13:54,Hybrid/On Site
SN Cloud Solutions,"$99,365.57 - $125,818.96 a Yearly",2024-01-16 06:00:00,Data Analyst,"Richmond, VA",893620e91f5edfb8,https://www.indeed.com/viewjob?jk=893620e91f5edfb8&from=vjs&tk=1hl0h7iffj5nl801&viewtype=embedded&xkcb=SoB667M3FgqRicxRp50BbzkdCdPP&continueUrl=%2Fjobs%3Fsc%3D0kf%253Ajt%2528contract%2529%253B%26q%3Ddata%2Banalyst%26page%3D20,Contract,2024-01-25 20:13:54,Hybrid/On Site
Comprise IT Solutions LLC,$55.00 - $-1.00 a Hourly,2024-01-23 06:00:00,Data Analyst,"Houston, TX 77004",865b6bf77eae16d6,https://www.indeed.com/viewjob?jk=865b6bf77eae16d6&from=vjs&tk=1hl0h7iffj5nl801&viewtype=embedded&xkcb=SoDO67M3FgqRicxRp50AbzkdCdPP&continueUrl=%2Fjobs%3Fsc%3D0kf%253Ajt%2528contract%2529%253B%26q%3Ddata%2Banalyst%26page%3D20,Contract,2024-01-25 20:13:54,Hybrid/On Site
Infoorigin inc,$27.12 - $61.00 a Hourly,2024-01-19 06:00:00,Data Analyst,"Richmond, VA",bfa72a7135a75fa0,https://www.indeed.com/viewjob?jk=bfa72a7135a75fa0&from=vjs&tk=1hl0h7iffj5nl801&viewtype=embedded&xkcb=SoD067M3FgqRicxRp50GbzkdCdPP&continueUrl=%2Fjobs%3Fsc%3D0kf%253Ajt%2528contract%2529%253B%26q%3Ddata%2Banalyst%26page%3D20,Contract,2024-01-25 20:13:54,Hybrid/On Site
"TalentBurst, Inc.",$45.00 - $55.00 a Hourly,2024-01-23 06:00:00,"Scientific - Sr Analyst, Medical Affairs","Irvine, CA 92606",9d6ab27f07ee2250,https://www.indeed.com/viewjob?jk=9d6ab27f07ee2250&from=vjs&tk=1hl0h7iffj5nl801&viewtype=embedded&advn=3234357034235555&adid=424413245&ad=-6NYlbfkN0CgSHFaRv44kRmLJ9IxxQKmHGWHymaSeMmKgzomBQ-Ttnl2k9-1EA9Y85WvsylNINfFZuldE8-Kjg-Y0xDTflspi5ZViF-xXb6asZMza-oJp5hs-R-sm4Gs1-BbAb6IJpRDjUGS5khll9gGHvOz0K9fRl6OXtq9hHntIsC_8O4_GuBjMQw7zrcU90k5wv-yrqxeO9uwAA6o4RrYQkBKkzYj8w1duwEfM5MyOo-_iYWrMxKHP7JtXUPmhA2e0vu-3pGyylgEHwRTxwR-izK9gEPH68Gro9vjdSHNxgdZKJA7_UEXDVDamuVmvR0LOPcbCVGDgdU33ZCWTA5ipKDpcOX9IbJFr3aRtLAnlVOoKR6CbX0QLtJqI6ExlV5-tQfZbI4E86uZjw5uwnjAs8mGMGx-ZLmwi_e0eaG1BdAxo5P2s116lYJvm-kvDKqKBoElUF5m9iATBr4ktkQGN3TMQCjlJo0pRUNpb8gEjSAyiD41ZPq9Bu57a8I2YaJnJVuuUNxyY2VLvPbGYj3uR_3lzXlF1ktnHiE2mgyYd6wRkji6jeSClznFkruaz6tpxHNl1g30ZlvzV3ppujnAvrZE_aOQyDON6Lg6novyBStC_kf8lV3Ue3ODkEJDY2G9vb-SN1QuAnR6S70lmJoTD4T4U-WJ7Go2O6NFLWm4WPL35XMP51U2XQuhBkFL7JxteTv0U4O06wfC0SVsMNC_uhmXy8FhwdqFoh5ixHIKTt4-ZouJV3uZP5VAmd0vNvNQY0yZ52j1xBdmhmZZl5tu7bbiQsv5wJnOftBkB_Scdz6SOW-WueO5ypV5Rj2qBuY_vdfdrso5ktOQpsvWSF25DXG304eRqXoOTXUisebeQ06vTzS-kDAmBwnkdj5dgzBXlDlzR5BDvtPMXoUon6jnQze1_FSWMpCVxy0K4dlujlGvUBlVSuF1TwJO0pPRnK6ubPq3OXPNwBPBhiLwVVdjZfHFDJHCtL9ZOnBLocEVso3SAtqFe_ZHqulmEyVWZDyzAlFJt3oBVjbronDKmRjWoi_vGCFOKuL_udqKuPxE83muIqhwwqRwnKdyI4s5yiAXtbW_07QdYj1kur2MDJNKU5LvyGR7XvpNf0b2spuO5BwoDvy6FrzrRu8xaUhK&xkcb=SoCd6_M3FgqRicxRp50FbzkdCdPP&continueUrl=%2Fjobs%3Fsc%3D0kf%253Ajt%2528contract%2529%253B%26q%3Ddata%2Banalyst%26page%3D20,Contract,2024-01-25 20:13:54,Hybrid/On Site
Caladwich Consulting LLC,"$62,000.00 - $70,000.00 a Yearly",2024-01-24 06:00:00,Jr. Data Analyst,Remote,fb2dfe8f3e2b8264,https://www.indeed.com/viewjob?jk=fb2dfe8f3e2b8264&from=vjs&tk=1hl0h7njcj5li800&viewtype=embedded&xkcb=SoA867M3FgqRLfRRpB0JbzkdCdPP&continueUrl=%2Fjobs%3Fsc%3D0kf%253Ajt%2528contract%2529%253B%26q%3Ddata%2Banalyst%26page%3D30,Contract,2024-01-25 20:13:59,Remote
Leadstack Inc,$40.00 - $50.00 a Hourly,2024-01-22 06:00:00,Data Analyst,"Sunnyvale, CA 94086",131a8b1b111eff14,https://www.indeed.com/viewjob?jk=131a8b1b111eff14&from=vjs&tk=1hl0h7njcj5li800&viewtype=embedded&xkcb=SoAG67M3FgqRLfRRpB0PbzkdCdPP&continueUrl=%2Fjobs%3Fsc%3D0kf%253Ajt%2528contract%2529%253B%26q%3Ddata%2Banalyst%26page%3D30,Contract,2024-01-25 20:13:59,Hybrid/On Site
BNY Mellon,"$86,547.04 - $109,587.84 a Yearly",2024-01-23 06:00:00,Data Analyst III (contract),"Lake Mary, FL",5b09eeafd4d6e580,https://www.indeed.com/viewjob?jk=5b09eeafd4d6e580&from=vjs&tk=1hl0h7njcj5li800&viewtype=embedded&xkcb=SoCy67M3FgqRLfRRpB0ObzkdCdPP&continueUrl=%2Fjobs%3Fsc%3D0kf%253Ajt%2528contract%2529%253B%26q%3Ddata%2Banalyst%26page%3D30,Contract,2024-01-25 20:13:59,Hybrid/On Site
BNY Mellon,$80.00 - $88.00 a Hourly,2024-01-22 06:00:00,Senior Data Analyst (contract),"New York, NY",3d47c66df5528e2c,https://www.indeed.com/viewjob?jk=3d47c66df5528e2c&from=vjs&tk=1hl0h7njcj5li800&viewtype=embedded&xkcb=SoAv67M3FgqRLfRRpB0NbzkdCdPP&continueUrl=%2Fjobs%3Fsc%3D0kf%253Ajt%2528contract%2529%253B%26q%3Ddata%2Banalyst%26page%3D30,Contract,2024-01-25 20:13:59,Hybrid/On Site
Trinity Technologies,$24.23 - $63.83 a Hourly,2024-01-25 06:00:00,Data Analyst,"Alpharetta, GA",6acaee116ae896fe,https://www.indeed.com/viewjob?jk=6acaee116ae896fe&from=vjs&tk=1hl0h7njcj5li800&viewtype=embedded&xkcb=SoBy67M3FgqRLfRRpB0DbzkdCdPP&continueUrl=%2Fjobs%3Fsc%3D0kf%253Ajt%2528contract%2529%253B%26q%3Ddata%2Banalyst%26page%3D30,Part-time,2024-01-25 20:13:59,Hybrid/On Site
SN Cloud Solutions,"$99,365.57 - $125,818.96 a Yearly",2024-01-16 06:00:00,Data Analyst,"Richmond, VA",893620e91f5edfb8,https://www.indeed.com/viewjob?jk=893620e91f5edfb8&from=vjs&tk=1hl0h7njcj5li800&viewtype=embedded&xkcb=SoDG67M3FgqRLfRRpB0CbzkdCdPP&continueUrl=%2Fjobs%3Fsc%3D0kf%253Ajt%2528contract%2529%253B%26q%3Ddata%2Banalyst%26page%3D30,Contract,2024-01-25 20:13:59,Hybrid/On Site
Comprise IT Solutions LLC,$55.00 - $-1.00 a Hourly,2024-01-23 06:00:00,Data Analyst,"Houston, TX 77004",865b6bf77eae16d6,https://www.indeed.com/viewjob?jk=865b6bf77eae16d6&from=vjs&tk=1hl0h7njcj5li800&viewtype=embedded&xkcb=SoBb67M3FgqRLfRRpB0BbzkdCdPP&continueUrl=%2Fjobs%3Fsc%3D0kf%253Ajt%2528contract%2529%253B%26q%3Ddata%2Banalyst%26page%3D30,Contract,2024-01-25 20:13:59,Hybrid/On Site
Infoorigin inc,$27.12 - $61.00 a Hourly,2024-01-19 06:00:00,Data Analyst,"Richmond, VA",bfa72a7135a75fa0,https://www.indeed.com/viewjob?jk=bfa72a7135a75fa0&from=vjs&tk=1hl0h7njcj5li800&viewtype=embedded&xkcb=SoBh67M3FgqRLfRRpB0HbzkdCdPP&continueUrl=%2Fjobs%3Fsc%3D0kf%253Ajt%2528contract%2529%253B%26q%3Ddata%2Banalyst%26page%3D30,Contract,2024-01-25 20:13:59,Hybrid/On Site
Divish LLC,$0.00 - $80.00 a Hourly,2024-01-23 06:00:00,Data Mining Analyst,"Austin, TX 78751",e4d8a6d138da8b6f,https://www.indeed.com/viewjob?jk=e4d8a6d138da8b6f&from=vjs&tk=1hl0h7njcj5li800&viewtype=embedded&xkcb=SoDV67M3FgqRLfRRpB0GbzkdCdPP&continueUrl=%2Fjobs%3Fsc%3D0kf%253Ajt%2528contract%2529%253B%26q%3Ddata%2Banalyst%26page%3D30,Contract,2024-01-25 20:13:59,Hybrid/On Site
Caladwich Consulting LLC,"$62,000.00 - $70,000.00 a Yearly",2024-01-24 06:00:00,Jr. Data Analyst,Remote,fb2dfe8f3e2b8264,https://www.indeed.com/viewjob?jk=fb2dfe8f3e2b8264&from=vjs&tk=1hl0h7rskk2l7800&viewtype=embedded&xkcb=SoC367M3FgqQW1ANR70IbzkdCdPP&continueUrl=%2Fjobs%3Fsc%3D0kf%253Ajt%2528contract%2529%253B%26q%3Ddata%2Banalyst%26page%3D40,Contract,2024-01-25 20:14:04,Remote
BNY Mellon,"$86,547.04 - $109,587.84 a Yearly",2024-01-23 06:00:00,Data Analyst III (contract),"Lake Mary, FL",5b09eeafd4d6e580,https://www.indeed.com/viewjob?jk=5b09eeafd4d6e580&from=vjs&tk=1hl0h7rskk2l7800&viewtype=embedded&xkcb=SoA567M3FgqQW1ANR70PbzkdCdPP&continueUrl=%2Fjobs%3Fsc%3D0kf%253Ajt%2528contract%2529%253B%26q%3Ddata%2Banalyst%26page%3D40,Contract,2024-01-25 20:14:04,Hybrid/On Site
Leadstack Inc,$40.00 - $50.00 a Hourly,2024-01-22 06:00:00,Data Analyst,"Sunnyvale, CA 94086",131a8b1b111eff14,https://www.indeed.com/viewjob?jk=131a8b1b111eff14&from=vjs&tk=1hl0h7rskk2l7800&viewtype=embedded&xkcb=SoCN67M3FgqQW1ANR70ObzkdCdPP&continueUrl=%2Fjobs%3Fsc%3D0kf%253Ajt%2528contract%2529%253B%26q%3Ddata%2Banalyst%26page%3D40,Contract,2024-01-25 20:14:04,Hybrid/On Site
BNY Mellon,$80.00 - $88.00 a Hourly,2024-01-22 06:00:00,Senior Data Analyst (contract),"New York, NY",3d47c66df5528e2c,https://www.indeed.com/viewjob?jk=3d47c66df5528e2c&from=vjs&tk=1hl0h7rskk2l7800&viewtype=embedded&xkcb=SoAQ67M3FgqQW1ANR70NbzkdCdPP&continueUrl=%2Fjobs%3Fsc%3D0kf%253Ajt%2528contract%2529%253B%26q%3Ddata%2Banalyst%26page%3D40,Contract,2024-01-25 20:14:04,Hybrid/On Site
Core BTS,$45.00 - $50.00 a Hourly,2024-01-24 06:00:00,Data Analyst,"Topton, PA 19562",674aaeda263cbecb,https://www.indeed.com/viewjob?jk=674aaeda263cbecb&from=vjs&tk=1hl0h7rskk2l7800&viewtype=embedded&xkcb=SoD567M3FgqQW1ANR70CbzkdCdPP&continueUrl=%2Fjobs%3Fsc%3D0kf%253Ajt%2528contract%2529%253B%26q%3Ddata%2Banalyst%26page%3D40,Contract,2024-01-25 20:14:04,Hybrid/On Site
Chabez Tech,"$76,764.78 - $97,201.31 a Yearly",2024-01-24 06:00:00,Data Analyst,"Atlanta, GA 30302",a95d343e8f73dff7,https://www.indeed.com/viewjob?jk=a95d343e8f73dff7&from=vjs&tk=1hl0h7rskk2l7800&viewtype=embedded&xkcb=SoBk67M3FgqQW1ANR70BbzkdCdPP&continueUrl=%2Fjobs%3Fsc%3D0kf%253Ajt%2528contract%2529%253B%26q%3Ddata%2Banalyst%26page%3D40,Contract,2024-01-25 20:14:04,Hybrid/On Site
Infoorigin inc,$27.12 - $61.00 a Hourly,2024-01-19 06:00:00,Data Analyst,"Richmond, VA",bfa72a7135a75fa0,https://www.indeed.com/viewjob?jk=bfa72a7135a75fa0&from=vjs&tk=1hl0h7rskk2l7800&viewtype=embedded&xkcb=SoDQ67M3FgqQW1ANR70AbzkdCdPP&continueUrl=%2Fjobs%3Fsc%3D0kf%253Ajt%2528contract%2529%253B%26q%3Ddata%2Banalyst%26page%3D40,Contract,2024-01-25 20:14:04,Hybrid/On Site
Comprise IT Solutions LLC,$55.00 - $-1.00 a Hourly,2024-01-23 06:00:00,Data Analyst,"Houston, TX 77004",865b6bf77eae16d6,https://www.indeed.com/viewjob?jk=865b6bf77eae16d6&from=vjs&tk=1hl0h7rskk2l7800&viewtype=embedded&xkcb=SoBe67M3FgqQW1ANR70HbzkdCdPP&continueUrl=%2Fjobs%3Fsc%3D0kf%253Ajt%2528contract%2529%253B%26q%3Ddata%2Banalyst%26page%3D40,Contract,2024-01-25 20:14:04,Hybrid/On Site
Openmind Technologies,$60.00 - $70.00 a Hourly,2023-12-14 06:00:00,Data Analyst,Remote,c7888927e03bab76,https://www.indeed.com/viewjob?jk=c7888927e03bab76&from=vjs&tk=1hl0h7rskk2l7800&viewtype=embedded&xkcb=SoDq67M3FgqQW1ANR70GbzkdCdPP&continueUrl=%2Fjobs%3Fsc%3D0kf%253Ajt%2528contract%2529%253B%26q%3Ddata%2Banalyst%26page%3D40,Contract,2024-01-25 20:14:04,Remote
Divish LLC,$0.00 - $80.00 a Hourly,2024-01-23 06:00:00,Data Mining Analyst,"Austin, TX 78751",e4d8a6d138da8b6f,https://www.indeed.com/viewjob?jk=e4d8a6d138da8b6f&from=vjs&tk=1hl0h7rskk2l7800&viewtype=embedded&xkcb=SoB367M3FgqQW1ANR70FbzkdCdPP&continueUrl=%2Fjobs%3Fsc%3D0kf%253Ajt%2528contract%2529%253B%26q%3Ddata%2Banalyst%26page%3D40,Contract,2024-01-25 20:14:04,Hybrid/On Site
BNY Mellon,"$86,547.04 - $109,587.84 a Yearly",2024-01-23 06:00:00,Data Analyst III (contract),"Lake Mary, FL",5b09eeafd4d6e580,https://www.indeed.com/viewjob?jk=5b09eeafd4d6e580&from=vjs&tk=1hl0h87mtk7ba801&viewtype=embedded&xkcb=SoDF67M3FgqvIpTOlZ0JbzkdCdPP&continueUrl=%2Fjobs%3Fsc%3D0kf%253Ajt%2528contract%2529%253B%26q%3Ddata%2Banalyst%26page%3D50,Contract,2024-01-25 20:14:16,Hybrid/On Site
BNY Mellon,$80.00 - $88.00 a Hourly,2024-01-22 06:00:00,Senior Data Analyst (contract),"New York, NY",3d47c66df5528e2c,https://www.indeed.com/viewjob?jk=3d47c66df5528e2c&from=vjs&tk=1hl0h87mtk7ba801&viewtype=embedded&xkcb=SoBx67M3FgqvIpTOlZ0IbzkdCdPP&continueUrl=%2Fjobs%3Fsc%3D0kf%253Ajt%2528contract%2529%253B%26q%3Ddata%2Banalyst%26page%3D50,Contract,2024-01-25 20:14:16,Hybrid/On Site
STAND 8,$55.00 - $62.00 a Hourly,2024-01-24 06:00:00,DATA ANALYST,"Alpharetta, GA",23b4b9ac9afd78ee,https://www.indeed.com/viewjob?jk=23b4b9ac9afd78ee&from=vjs&tk=1hl0h87mtk7ba801&viewtype=embedded&xkcb=SoD_67M3FgqvIpTOlZ0PbzkdCdPP&continueUrl=%2Fjobs%3Fsc%3D0kf%253Ajt%2528contract%2529%253B%26q%3Ddata%2Banalyst%26page%3D50,Contract,2024-01-25 20:14:16,Hybrid/On Site
Wells Fargo,,2023-12-04 06:00:00,Senior Data Analyst (contract),"San Leandro, CA",4ed863071d080e57,https://www.indeed.com/viewjob?jk=4ed863071d080e57&from=vjs&tk=1hl0h87mtk7ba801&viewtype=embedded&xkcb=SoBL67M3FgqvIpTOlZ0ObzkdCdPP&continueUrl=%2Fjobs%3Fsc%3D0kf%253Ajt%2528contract%2529%253B%26q%3Ddata%2Banalyst%26page%3D50,Contract,2024-01-25 20:14:16,Hybrid/On Site
Intone Networks,"$101,079.68 - $127,989.40 a Yearly",2024-01-04 06:00:00,Data Systems Analyst,Remote,98ff7c98feb545c2,https://www.indeed.com/viewjob?jk=98ff7c98feb545c2&from=vjs&tk=1hl0h87mtk7ba801&viewtype=embedded&xkcb=SoDW67M3FgqvIpTOlZ0NbzkdCdPP&continueUrl=%2Fjobs%3Fsc%3D0kf%253Ajt%2528contract%2529%253B%26q%3Ddata%2Banalyst%26page%3D50,Contract,2024-01-25 20:14:16,Remote
Ampcus Incorporated,"$95,621.23 - $121,077.80 a Yearly",2024-01-12 06:00:00,Production Support Data Analyst SR-590500,"Purchase, NY",071990ad92bbe2b5,https://www.indeed.com/viewjob?jk=071990ad92bbe2b5&from=vjs&tk=1hl0h87mtk7ba801&viewtype=embedded&xkcb=SoBi67M3FgqvIpTOlZ0MbzkdCdPP&continueUrl=%2Fjobs%3Fsc%3D0kf%253Ajt%2528contract%2529%253B%26q%3Ddata%2Banalyst%26page%3D50,Contract,2024-01-25 20:14:16,Hybrid/On Site
Intone Networks,"$99,416.14 - $125,882.98 a Yearly",2024-01-12 06:00:00,Data Analyst,"Quincy, MA",5e111d82dcf391cb,https://www.indeed.com/viewjob?jk=5e111d82dcf391cb&from=vjs&tk=1hl0h87mtk7ba801&viewtype=embedded&xkcb=SoCL67M3FgqvIpTOlZ0DbzkdCdPP&continueUrl=%2Fjobs%3Fsc%3D0kf%253Ajt%2528contract%2529%253B%26q%3Ddata%2Banalyst%26page%3D50,Contract,2024-01-25 20:14:16,Hybrid/On Site
Intone Networks,"$110,711.16 - $140,185.00 a Yearly",2024-01-24 06:00:00,Oracle Cloud BA - Finance,Remote,f4099db2c7d9b635,https://www.indeed.com/viewjob?jk=f4099db2c7d9b635&from=vjs&tk=1hl0h87mtk7ba801&viewtype=embedded&xkcb=SoA_67M3FgqvIpTOlZ0CbzkdCdPP&continueUrl=%2Fjobs%3Fsc%3D0kf%253Ajt%2528contract%2529%253B%26q%3Ddata%2Banalyst%26page%3D50,Contract,2024-01-25 20:14:16,Remote
ConocoPhillips,"$72,538.82 - $91,850.30 a Yearly",2023-11-16 06:00:00,GCR Data Analyst - Contract,"Houston, TX",c9b1f81fa88389f0,https://www.indeed.com/viewjob?jk=c9b1f81fa88389f0&from=vjs&tk=1hl0h87mtk7ba801&viewtype=embedded&xkcb=SoCi67M3FgqvIpTOlZ0BbzkdCdPP&continueUrl=%2Fjobs%3Fsc%3D0kf%253Ajt%2528contract%2529%253B%26q%3Ddata%2Banalyst%26page%3D50,Temporary,2024-01-25 20:14:16,Hybrid/On Site
Dynamic Enterprise Solutions,"$77,020.45 - $97,525.06 a Yearly",2024-01-24 06:00:00,Business Systems Analyst/Business Data Analyst,"Chicago, IL",8b312f0fa3471c30,https://www.indeed.com/viewjob?jk=8b312f0fa3471c30&from=vjs&tk=1hl0h87mtk7ba801&viewtype=embedded&xkcb=SoAW67M3FgqvIpTOlZ0AbzkdCdPP&continueUrl=%2Fjobs%3Fsc%3D0kf%253Ajt%2528contract%2529%253B%26q%3Ddata%2Banalyst%26page%3D50,Contract,2024-01-25 20:14:16,Hybrid/On Site
Intone Networks,"$82,089.05 - $103,943.04 a Yearly",2023-11-16 06:00:00,Geologic Data Analyst,"Houston, TX 77004",a6cec83b6d665950,https://www.indeed.com/viewjob?jk=a6cec83b6d665950&from=vjs&tk=1hl0h87mtk7ba801&viewtype=embedded&xkcb=SoCY67M3FgqvIpTOlZ0HbzkdCdPP&continueUrl=%2Fjobs%3Fsc%3D0kf%253Ajt%2528contract%2529%253B%26q%3Ddata%2Banalyst%26page%3D50,Contract,2024-01-25 20:14:16,Hybrid/On Site
Realign LLC,"$70,383.15 - $89,120.74 a Yearly",2024-01-03 06:00:00,Production Support Data Analyst,"Topeka, KS",8c9faacdf1614f9a,https://www.indeed.com/viewjob?jk=8c9faacdf1614f9a&from=vjs&tk=1hl0h87mtk7ba801&viewtype=embedded&xkcb=SoAs67M3FgqvIpTOlZ0GbzkdCdPP&continueUrl=%2Fjobs%3Fsc%3D0kf%253Ajt%2528contract%2529%253B%26q%3Ddata%2Banalyst%26page%3D50,Contract,2024-01-25 20:14:16,Hybrid/On Site
UC San Diego Health,"$83,391.68 - $106,094.99 a Yearly",2023-12-06 06:00:00,Data Systems Analyst,"San Diego, CA",5d625adb5aa6d7f1,https://www.indeed.com/viewjob?jk=5d625adb5aa6d7f1&from=vjs&tk=1hl0h87mtk7ba801&viewtype=embedded&xkcb=SoCx67M3FgqvIpTOlZ0FbzkdCdPP&continueUrl=%2Fjobs%3Fsc%3D0kf%253Ajt%2528contract%2529%253B%26q%3Ddata%2Banalyst%26page%3D50,Contract,2024-01-25 20:14:16,Hybrid/On Site
Intone Networks,"$94,850.09 - $120,101.34 a Yearly",2023-12-01 06:00:00,Business / Data Analyst (IT) - Expert,"Boston, MA 02108",5513b4c92f737ca7,https://www.indeed.com/viewjob?jk=5513b4c92f737ca7&from=vjs&tk=1hl0h87mtk7ba801&viewtype=embedded&xkcb=SoAF67M3FgqvIpTOlZ0EbzkdCdPP&continueUrl=%2Fjobs%3Fsc%3D0kf%253Ajt%2528contract%2529%253B%26q%3Ddata%2Banalyst%26page%3D50,Contract,2024-01-25 20:14:16,Hybrid/On Site
Intone Networks,"$89,227.53 - $112,981.94 a Yearly",2024-01-22 06:00:00,Pam Business Analyst,"Newark, NJ",9ae9929b550b54ad,https://www.indeed.com/viewjob?jk=9ae9929b550b54ad&from=vjs&tk=1hl0h87mtk7ba801&viewtype=embedded&xkcb=SoAi67M3FgqvIpTOlZ0bbzkdCdPP&continueUrl=%2Fjobs%3Fsc%3D0kf%253Ajt%2528contract%2529%253B%26q%3Ddata%2Banalyst%26page%3D50,Contract,2024-01-25 20:14:16,Hybrid/On Site
BNY Mellon,"$86,547.04 - $109,587.84 a Yearly",2024-01-23 06:00:00,Data Analyst III (contract),"Lake Mary, FL",5b09eeafd4d6e580,https://www.indeed.com/viewjob?jk=5b09eeafd4d6e580&from=vjs&tk=1hl0h8bp1k7hb804&viewtype=embedded&xkcb=SoCe67M3FgquoH29QB0IbzkdCdPP&continueUrl=%2Fjobs%3Fsc%3D0kf%253Ajt%2528contract%2529%253B%26q%3Ddata%2Banalyst%26page%3D60,Contract,2024-01-25 20:14:20,Hybrid/On Site
STAND 8,$55.00 - $62.00 a Hourly,2024-01-24 06:00:00,DATA ANALYST,"Alpharetta, GA",23b4b9ac9afd78ee,https://www.indeed.com/viewjob?jk=23b4b9ac9afd78ee&from=vjs&tk=1hl0h8bp1k7hb804&viewtype=embedded&xkcb=SoAQ67M3FgquoH29QB0PbzkdCdPP&continueUrl=%2Fjobs%3Fsc%3D0kf%253Ajt%2528contract%2529%253B%26q%3Ddata%2Banalyst%26page%3D60,Contract,2024-01-25 20:14:20,Hybrid/On Site
BNY Mellon,$80.00 - $88.00 a Hourly,2024-01-22 06:00:00,Senior Data Analyst (contract),"New York, NY",3d47c66df5528e2c,https://www.indeed.com/viewjob?jk=3d47c66df5528e2c&from=vjs&tk=1hl0h8bp1k7hb804&viewtype=embedded&xkcb=SoCk67M3FgquoH29QB0ObzkdCdPP&continueUrl=%2Fjobs%3Fsc%3D0kf%253Ajt%2528contract%2529%253B%26q%3Ddata%2Banalyst%26page%3D60,Contract,2024-01-25 20:14:20,Hybrid/On Site
Intone Networks,"$101,079.68 - $127,989.40 a Yearly",2024-01-04 06:00:00,Data Systems Analyst,Remote,98ff7c98feb545c2,https://www.indeed.com/viewjob?jk=98ff7c98feb545c2&from=vjs&tk=1hl0h8bp1k7hb804&viewtype=embedded&xkcb=SoA567M3FgquoH29QB0NbzkdCdPP&continueUrl=%2Fjobs%3Fsc%3D0kf%253Ajt%2528contract%2529%253B%26q%3Ddata%2Banalyst%26page%3D60,Contract,2024-01-25 20:14:20,Remote
Ampcus Incorporated,"$95,621.23 - $121,077.80 a Yearly",2024-01-12 06:00:00,Production Support Data Analyst SR-590500,"Purchase, NY",071990ad92bbe2b5,https://www.indeed.com/viewjob?jk=071990ad92bbe2b5&from=vjs&tk=1hl0h8bp1k7hb804&viewtype=embedded&xkcb=SoCN67M3FgquoH29QB0MbzkdCdPP&continueUrl=%2Fjobs%3Fsc%3D0kf%253Ajt%2528contract%2529%253B%26q%3Ddata%2Banalyst%26page%3D60,Contract,2024-01-25 20:14:20,Hybrid/On Site
Wells Fargo,,2023-12-04 06:00:00,Senior Data Analyst (contract),"San Leandro, CA",4ed863071d080e57,https://www.indeed.com/viewjob?jk=4ed863071d080e57&from=vjs&tk=1hl0h8bp1k7hb804&viewtype=embedded&xkcb=SoBk67M3FgquoH29QB0DbzkdCdPP&continueUrl=%2Fjobs%3Fsc%3D0kf%253Ajt%2528contract%2529%253B%26q%3Ddata%2Banalyst%26page%3D60,Contract,2024-01-25 20:14:20,Hybrid/On Site
Intone Networks,"$99,416.14 - $125,882.98 a Yearly",2024-01-12 06:00:00,Data Analyst,"Quincy, MA",5e111d82dcf391cb,https://www.indeed.com/viewjob?jk=5e111d82dcf391cb&from=vjs&tk=1hl0h8bp1k7hb804&viewtype=embedded&xkcb=SoDQ67M3FgquoH29QB0CbzkdCdPP&continueUrl=%2Fjobs%3Fsc%3D0kf%253Ajt%2528contract%2529%253B%26q%3Ddata%2Banalyst%26page%3D60,Contract,2024-01-25 20:14:20,Hybrid/On Site
Intone Networks,"$110,711.16 - $140,185.00 a Yearly",2024-01-24 06:00:00,Oracle Cloud BA - Finance,Remote,f4099db2c7d9b635,https://www.indeed.com/viewjob?jk=f4099db2c7d9b635&from=vjs&tk=1hl0h8bp1k7hb804&viewtype=embedded&xkcb=SoBN67M3FgquoH29QB0BbzkdCdPP&continueUrl=%2Fjobs%3Fsc%3D0kf%253Ajt%2528contract%2529%253B%26q%3Ddata%2Banalyst%26page%3D60,Contract,2024-01-25 20:14:20,Remote
ConocoPhillips,"$72,538.82 - $91,850.30 a Yearly",2023-11-16 06:00:00,GCR Data Analyst - Contract,"Houston, TX",c9b1f81fa88389f0,https://www.indeed.com/viewjob?jk=c9b1f81fa88389f0&from=vjs&tk=1hl0h8bp1k7hb804&viewtype=embedded&xkcb=SoD567M3FgquoH29QB0AbzkdCdPP&continueUrl=%2Fjobs%3Fsc%3D0kf%253Ajt%2528contract%2529%253B%26q%3Ddata%2Banalyst%26page%3D60,Temporary,2024-01-25 20:14:20,Hybrid/On Site
Dynamic Enterprise Solutions,"$77,020.45 - $97,525.06 a Yearly",2024-01-24 06:00:00,Business Systems Analyst/Business Data Analyst,"Chicago, IL",8b312f0fa3471c30,https://www.indeed.com/viewjob?jk=8b312f0fa3471c30&from=vjs&tk=1hl0h8bp1k7hb804&viewtype=embedded&xkcb=SoB367M3FgquoH29QB0HbzkdCdPP&continueUrl=%2Fjobs%3Fsc%3D0kf%253Ajt%2528contract%2529%253B%26q%3Ddata%2Banalyst%26page%3D60,Contract,2024-01-25 20:14:20,Hybrid/On Site
Realign LLC,"$70,383.15 - $89,120.74 a Yearly",2024-01-03 06:00:00,Production Support Data Analyst,"Topeka, KS",8c9faacdf1614f9a,https://www.indeed.com/viewjob?jk=8c9faacdf1614f9a&from=vjs&tk=1hl0h8bp1k7hb804&viewtype=embedded&xkcb=SoDD67M3FgquoH29QB0GbzkdCdPP&continueUrl=%2Fjobs%3Fsc%3D0kf%253Ajt%2528contract%2529%253B%26q%3Ddata%2Banalyst%26page%3D60,Contract,2024-01-25 20:14:20,Hybrid/On Site
Intone Networks,"$82,089.05 - $103,943.04 a Yearly",2023-11-16 06:00:00,Geologic Data Analyst,"Houston, TX 77004",a6cec83b6d665950,https://www.indeed.com/viewjob?jk=a6cec83b6d665950&from=vjs&tk=1hl0h8bp1k7hb804&viewtype=embedded&xkcb=SoBe67M3FgquoH29QB0FbzkdCdPP&continueUrl=%2Fjobs%3Fsc%3D0kf%253Ajt%2528contract%2529%253B%26q%3Ddata%2Banalyst%26page%3D60,Contract,2024-01-25 20:14:20,Hybrid/On Site
Intone Networks,"$94,850.09 - $120,101.34 a Yearly",2023-12-01 06:00:00,Business / Data Analyst (IT) - Expert,"Boston, MA 02108",5513b4c92f737ca7,https://www.indeed.com/viewjob?jk=5513b4c92f737ca7&from=vjs&tk=1hl0h8bp1k7hb804&viewtype=embedded&xkcb=SoDq67M3FgquoH29QB0EbzkdCdPP&continueUrl=%2Fjobs%3Fsc%3D0kf%253Ajt%2528contract%2529%253B%26q%3Ddata%2Banalyst%26page%3D60,Contract,2024-01-25 20:14:20,Hybrid/On Site
Intone Networks,"$89,227.53 - $112,981.94 a Yearly",2024-01-22 06:00:00,Pam Business Analyst,"Newark, NJ",9ae9929b550b54ad,https://www.indeed.com/viewjob?jk=9ae9929b550b54ad&from=vjs&tk=1hl0h8bp1k7hb804&viewtype=embedded&xkcb=SoDN67M3FgquoH29QB0bbzkdCdPP&continueUrl=%2Fjobs%3Fsc%3D0kf%253Ajt%2528contract%2529%253B%26q%3Ddata%2Banalyst%26page%3D60,Contract,2024-01-25 20:14:20,Hybrid/On Site
UC San Diego Health,"$83,391.68 - $106,094.99 a Yearly",2023-12-06 06:00:00,Data Systems Analyst,"San Diego, CA",5d625adb5aa6d7f1,https://www.indeed.com/viewjob?jk=5d625adb5aa6d7f1&from=vjs&tk=1hl0h8bp1k7hb804&viewtype=embedded&xkcb=SoB567M3FgquoH29QB0abzkdCdPP&continueUrl=%2Fjobs%3Fsc%3D0kf%253Ajt%2528contract%2529%253B%26q%3Ddata%2Banalyst%26page%3D60,Contract,2024-01-25 20:14:20,Hybrid/On Site
Caladwich Consulting LLC,"$62,000.00 - $70,000.00 a Yearly",2024-01-24 06:00:00,Jr. Data Analyst,Remote,fb2dfe8f3e2b8264,https://www.indeed.com/viewjob?jk=fb2dfe8f3e2b8264&from=vjs&tk=1hl0h8g4mi5e5800&viewtype=embedded&xkcb=SoA167M3Fgqt3M3I0x0JbzkdCdPP&continueUrl=%2Fjobs%3Fsc%3D0kf%253Ajt%2528contract%2529%253B%26q%3Ddata%2Banalyst%26page%3D70,Contract,2024-01-25 20:14:24,Remote
Leadstack Inc,$40.00 - $50.00 a Hourly,2024-01-22 06:00:00,Data Analyst,"Sunnyvale, CA 94086",131a8b1b111eff14,https://www.indeed.com/viewjob?jk=131a8b1b111eff14&from=vjs&tk=1hl0h8g4mi5e5800&viewtype=embedded&xkcb=SoAP67M3Fgqt3M3I0x0PbzkdCdPP&continueUrl=%2Fjobs%3Fsc%3D0kf%253Ajt%2528contract%2529%253B%26q%3Ddata%2Banalyst%26page%3D70,Contract,2024-01-25 20:14:24,Hybrid/On Site
BNY Mellon,"$86,547.04 - $109,587.84 a Yearly",2024-01-23 06:00:00,Data Analyst III (contract),"Lake Mary, FL",5b09eeafd4d6e580,https://www.indeed.com/viewjob?jk=5b09eeafd4d6e580&from=vjs&tk=1hl0h8g4mi5e5800&viewtype=embedded&xkcb=SoC767M3Fgqt3M3I0x0ObzkdCdPP&continueUrl=%2Fjobs%3Fsc%3D0kf%253Ajt%2528contract%2529%253B%26q%3Ddata%2Banalyst%26page%3D70,Contract,2024-01-25 20:14:25,Hybrid/On Site
BNY Mellon,$80.00 - $88.00 a Hourly,2024-01-22 06:00:00,Senior Data Analyst (contract),"New York, NY",3d47c66df5528e2c,https://www.indeed.com/viewjob?jk=3d47c66df5528e2c&from=vjs&tk=1hl0h8g4mi5e5800&viewtype=embedded&xkcb=SoAm67M3Fgqt3M3I0x0NbzkdCdPP&continueUrl=%2Fjobs%3Fsc%3D0kf%253Ajt%2528contract%2529%253B%26q%3Ddata%2Banalyst%26page%3D70,Contract,2024-01-25 20:14:25,Hybrid/On Site
Trinity Technologies,$24.23 - $63.83 a Hourly,2024-01-25 06:00:00,Data Analyst,"Alpharetta, GA",6acaee116ae896fe,https://www.indeed.com/viewjob?jk=6acaee116ae896fe&from=vjs&tk=1hl0h8g4mi5e5800&viewtype=embedded&xkcb=SoB767M3Fgqt3M3I0x0DbzkdCdPP&continueUrl=%2Fjobs%3Fsc%3D0kf%253Ajt%2528contract%2529%253B%26q%3Ddata%2Banalyst%26page%3D70,Part-time,2024-01-25 20:14:25,Hybrid/On Site
SN Cloud Solutions,"$99,365.57 - $125,818.96 a Yearly",2024-01-16 06:00:00,Data Analyst,"Richmond, VA",893620e91f5edfb8,https://www.indeed.com/viewjob?jk=893620e91f5edfb8&from=vjs&tk=1hl0h8g4mi5e5800&viewtype=embedded&xkcb=SoDP67M3Fgqt3M3I0x0CbzkdCdPP&continueUrl=%2Fjobs%3Fsc%3D0kf%253Ajt%2528contract%2529%253B%26q%3Ddata%2Banalyst%26page%3D70,Contract,2024-01-25 20:14:25,Hybrid/On Site
Comprise IT Solutions LLC,$55.00 - $-1.00 a Hourly,2024-01-23 06:00:00,Data Analyst,"Houston, TX 77004",865b6bf77eae16d6,https://www.indeed.com/viewjob?jk=865b6bf77eae16d6&from=vjs&tk=1hl0h8g4mi5e5800&viewtype=embedded&xkcb=SoBS67M3Fgqt3M3I0x0BbzkdCdPP&continueUrl=%2Fjobs%3Fsc%3D0kf%253Ajt%2528contract%2529%253B%26q%3Ddata%2Banalyst%26page%3D70,Contract,2024-01-25 20:14:25,Hybrid/On Site
Infoorigin inc,$27.12 - $61.00 a Hourly,2024-01-19 06:00:00,Data Analyst,"Richmond, VA",bfa72a7135a75fa0,https://www.indeed.com/viewjob?jk=bfa72a7135a75fa0&from=vjs&tk=1hl0h8g4mi5e5800&viewtype=embedded&xkcb=SoBo67M3Fgqt3M3I0x0HbzkdCdPP&continueUrl=%2Fjobs%3Fsc%3D0kf%253Ajt%2528contract%2529%253B%26q%3Ddata%2Banalyst%26page%3D70,Contract,2024-01-25 20:14:25,Hybrid/On Site
Divish LLC,$0.00 - $80.00 a Hourly,2024-01-23 06:00:00,Data Mining Analyst,"Austin, TX 78751",e4d8a6d138da8b6f,https://www.indeed.com/viewjob?jk=e4d8a6d138da8b6f&from=vjs&tk=1hl0h8g4mi5e5800&viewtype=embedded&xkcb=SoDc67M3Fgqt3M3I0x0GbzkdCdPP&continueUrl=%2Fjobs%3Fsc%3D0kf%253Ajt%2528contract%2529%253B%26q%3Ddata%2Banalyst%26page%3D70,Contract,2024-01-25 20:14:25,Hybrid/On Site
Chabez Tech,"$76,764.78 - $97,201.31 a Yearly",2024-01-24 06:00:00,Data Analyst,"Atlanta, GA 30302",a95d343e8f73dff7,https://www.indeed.com/viewjob?jk=a95d343e8f73dff7&from=vjs&tk=1hl0h8g4mi5e5800&viewtype=embedded&xkcb=SoBB67M3Fgqt3M3I0x0FbzkdCdPP&continueUrl=%2Fjobs%3Fsc%3D0kf%253Ajt%2528contract%2529%253B%26q%3Ddata%2Banalyst%26page%3D70,Contract,2024-01-25 20:14:25,Hybrid/On Site
Genesis10,$0.00 - $33.00 a Hourly,2024-01-24 06:00:00,Business Analyst II - Virtual,"Seattle, WA 98108",0ab6f75ca873e6bf,https://www.indeed.com/viewjob?jk=0ab6f75ca873e6bf&from=vjs&tk=1hl0h8nh4imja800&viewtype=embedded&advn=4323270428533375&adid=9449522&ad=-6NYlbfkN0DH3ZduE1E9As6soTCMQ_eON6tHq7OqPUhf7AgflmQgujXA4OA3jaDZE4ib4JNWTLhg_P0s2jBsmHOAbybciwsrnpe7VUHtGZOL38H3HMzUXXB_fDlLCbCzAnbWPEd0Mr7yZVYAlxxpZ62kv8bpDv1NrSws69OOR5qTMJ5QVLkB4okJQSaUhxZloQXmAzTTq0HdoXiDxwY8g-laMZ776z8qvQKegJTnLjSrO4nFPZUJmtvvOowfVO_WDkFHdakZcWzRwQNmlwkW2O09n8yEfuoj-cRZK8RWS8NucrxfKLMbZMAOBSN6eq7e4Yy7Iw6xdCP67L1F21-yxoGaRX9viODjkE-q9zgTXT8dtS9bA5MhIud9f5oV1Uf4KA7txvQS1EoZTT_KbE_kIsGE4uMw0qAax_wx1LMZWzitDEO3AX87jiw1Mx8SRDUR7kQWwWldRRwYxin1j-lTpwwPPNkggfyVnTzIoiDQ7DaYQEezEdv3xMGHfZYJzoIUGjDkWSKj3-fzUzCzl0MUv1tATq7e3JMU16B4GVEVq3Qf_8muvzFU2U-0s1XKQtgMOcJgB5ai2bEpVU5En1qME1DOXd11uAlamP2G4T_XdXDlIhZTjDbfDfmkeJoH1cJhmille79dmxOce3QTL7eKd58QZBmGrilPsT8EnDDyD8UkGq91JmHjI7PcP6Jxukbgr5-8P2KSn2VX9eM0NtxDeEXvL63S_I1BPOorw0QugunocCxjFNlNx1HyEiGzWZ35VsEfgXabBr7q3VzLJCL5t1_dmfz9paX4JRcDwKA58ntXmgaFv02lt8pH4efEaU1uhfohKE_F38pSF0_L-nW_xQaQt1mlDkKOiId_1b7JA6-A5Mw1epzr1ny-2FAftzLe7XFIjUjl5W3_D3GMMMS3syTueCOlJIjg4ugZ2za1e2Y9YLLIQa6FaYcSU5_yKojztO8Jbo8H2wSpIkPlbkqNqE2WN_RgROzC4K4nv3tNYUwp2uHX-VeHzWV4tIjGyX9unTV4ij4zwGh3zrgbx5gKv4ByZYMsZjnpHetbr1MbWElibyRr7g9iKbJ4Tsa-o0IoL9s8dyXPtXK0wjdrul8YjiaQdufP0uBANCQ-TCj3Psq5-7_cr3WNpFs9ONziC8dxvlw_vAxVAwQ8DkCBl74llA%3D%3D&xkcb=SoCt6_M3FgqtLyXIwR0KbzkdCdPP&continueUrl=%2Fjobs%3Fsc%3D0kf%253Ajt%2528contract%2529%253B%26q%3Ddata%2Banalyst%26page%3D80,Contract,2024-01-25 20:14:32,Hybrid/On Site
BNY Mellon,"$86,547.04 - $109,587.84 a Yearly",2024-01-23 06:00:00,Data Analyst III (contract),"Lake Mary, FL",5b09eeafd4d6e580,https://www.indeed.com/viewjob?jk=5b09eeafd4d6e580&from=vjs&tk=1hl0h8nh4imja800&viewtype=embedded&xkcb=SoDE67M3FgqtLyXIwR0JbzkdCdPP&continueUrl=%2Fjobs%3Fsc%3D0kf%253Ajt%2528contract%2529%253B%26q%3Ddata%2Banalyst%26page%3D80,Contract,2024-01-25 20:14:32,Hybrid/On Site
BNY Mellon,$80.00 - $88.00 a Hourly,2024-01-22 06:00:00,Senior Data Analyst (contract),"New York, NY",3d47c66df5528e2c,https://www.indeed.com/viewjob?jk=3d47c66df5528e2c&from=vjs&tk=1hl0h8nh4imja800&viewtype=embedded&xkcb=SoBw67M3FgqtLyXIwR0IbzkdCdPP&continueUrl=%2Fjobs%3Fsc%3D0kf%253Ajt%2528contract%2529%253B%26q%3Ddata%2Banalyst%26page%3D80,Contract,2024-01-25 20:14:32,Hybrid/On Site
Trinity Technologies,$24.23 - $63.83 a Hourly,2024-01-25 06:00:00,Data Analyst,"Alpharetta, GA",6acaee116ae896fe,https://www.indeed.com/viewjob?jk=6acaee116ae896fe&from=vjs&tk=1hl0h8nh4imja800&viewtype=embedded&xkcb=SoD-67M3FgqtLyXIwR0PbzkdCdPP&continueUrl=%2Fjobs%3Fsc%3D0kf%253Ajt%2528contract%2529%253B%26q%3Ddata%2Banalyst%26page%3D80,Part-time,2024-01-25 20:14:32,Hybrid/On Site
Divish LLC,$0.00 - $80.00 a Hourly,2024-01-23 06:00:00,Data Mining Analyst,"Austin, TX 78751",e4d8a6d138da8b6f,https://www.indeed.com/viewjob?jk=e4d8a6d138da8b6f&from=vjs&tk=1hl0h8nh4imja800&viewtype=embedded&xkcb=SoBK67M3FgqtLyXIwR0ObzkdCdPP&continueUrl=%2Fjobs%3Fsc%3D0kf%253Ajt%2528contract%2529%253B%26q%3Ddata%2Banalyst%26page%3D80,Contract,2024-01-25 20:14:32,Hybrid/On Site
Incubation Systems Private Limited,"$51,652.43 - $82,578.46 a Yearly",2024-01-24 06:00:00,Data Analyst,"Folsom, CA",1304fa26f7e82996,https://www.indeed.com/viewjob?jk=1304fa26f7e82996&from=vjs&tk=1hl0h8nh4imja800&viewtype=embedded&advn=9302343991718029&adid=406714412&ad=-6NYlbfkN0Absaf842kkMMtDJp12T9ahAuxgVTrR96-q63X4pAgBjetDNy3MdYAKUOtaRNTN_lHPWDVSsORKQZNopRt57IoMe_TkJcAmbb9Dc0jccIi0iQhDRXfHuw9ItW_hMdf5EZs3JFpZe_msvaP7b6VNiQbL-aN4rJjEIQ-4vwh_U_sjrWoMafLzobCVZWpOwtxLtgDVipViX6Tpz59oTmiXA3WEmHhETuM8_VSRNcq1gYrxx7pKi0YR0qElOruOXRuUr5ApCqXUKsQ8gKnQUUV6V7O-Gag3Kakx5feETgIXE1wi7RvhwoA_vBlRvPapkDQ9yiWwIGP4lfLa-HyR0gpLMrd6tEoYqFEDqxTWOJk7dM1kIJcLHz3m083YliwqKWDHGJrAx9ydgIYq-AlfrtYS36YnsMu5ugyGOW_W6vXZ98BsrMMniIZSNVRfEX9d1LpXaYDwBS-nAyhijaXk8YVDn1CuT8Zam4Mc7TEcC6DoCzvLgIyGs6NeN6M_TqaI9qUUCTlHIMrO_Gq34jL9p7v0cipQ6l2-m2TTthdhJWl2IoRZRFPkziP_NP1-PkvAnn2WQzhNAwEJcNaQctwomKAM9DOw4ynVgRFMPx6ESpKwK9mOzw%3D%3D&xkcb=SoAj6_M3FgqtLyXIwR0NbzkdCdPP&continueUrl=%2Fjobs%3Fsc%3D0kf%253Ajt%2528contract%2529%253B%26q%3Ddata%2Banalyst%26page%3D80,Temporary,2024-01-25 20:14:32,Hybrid/On Site
Pat N Sally Inc,$22.00 - $25.00 a Hourly,2024-01-24 06:00:00,Data Analyst,"Albany, NY 12210",acb6b06694b5df4d,https://www.indeed.com/viewjob?jk=acb6b06694b5df4d&from=vjs&tk=1hl0h8nh4imja800&viewtype=embedded&xkcb=SoBj67M3FgqtLyXIwR0MbzkdCdPP&continueUrl=%2Fjobs%3Fsc%3D0kf%253Ajt%2528contract%2529%253B%26q%3Ddata%2Banalyst%26page%3D80,Contract,2024-01-25 20:14:32,Hybrid/On Site
Core BTS,$45.00 - $50.00 a Hourly,2024-01-24 06:00:00,Data Analyst,"Topton, PA 19562",674aaeda263cbecb,https://www.indeed.com/viewjob?jk=674aaeda263cbecb&from=vjs&tk=1hl0h8nh4imja800&viewtype=embedded&xkcb=SoCK67M3FgqtLyXIwR0DbzkdCdPP&continueUrl=%2Fjobs%3Fsc%3D0kf%253Ajt%2528contract%2529%253B%26q%3Ddata%2Banalyst%26page%3D80,Contract,2024-01-25 20:14:32,Hybrid/On Site
Intone Networks,"$101,079.68 - $127,989.40 a Yearly",2024-01-04 06:00:00,Data Systems Analyst,Remote,98ff7c98feb545c2,https://www.indeed.com/viewjob?jk=98ff7c98feb545c2&from=vjs&tk=1hl0h8nh4imja800&viewtype=embedded&xkcb=SoA-67M3FgqtLyXIwR0CbzkdCdPP&continueUrl=%2Fjobs%3Fsc%3D0kf%253Ajt%2528contract%2529%253B%26q%3Ddata%2Banalyst%26page%3D80,Contract,2024-01-25 20:14:32,Remote
SN Cloud Solutions,"$103,266.05 - $130,757.84 a Yearly",2024-01-16 06:00:00,Data Governance Analyst,"Richmond, VA",4b1361ce644e2ab5,https://www.indeed.com/viewjob?jk=4b1361ce644e2ab5&from=vjs&tk=1hl0h8nh4imja800&viewtype=embedded&xkcb=SoCj67M3FgqtLyXIwR0BbzkdCdPP&continueUrl=%2Fjobs%3Fsc%3D0kf%253Ajt%2528contract%2529%253B%26q%3Ddata%2Banalyst%26page%3D80,Contract,2024-01-25 20:14:32,Hybrid/On Site
Info Origin Inc.,$55.00 - $65.00 a Hourly,2024-01-25 06:00:00,Agile Business Analyst,"West Des Moines, IA 50061",5522a4efef1d6662,https://www.indeed.com/viewjob?jk=5522a4efef1d6662&from=vjs&tk=1hl0h8nh4imja800&viewtype=embedded&xkcb=SoAX67M3FgqtLyXIwR0AbzkdCdPP&continueUrl=%2Fjobs%3Fsc%3D0kf%253Ajt%2528contract%2529%253B%26q%3Ddata%2Banalyst%26page%3D80,Contract,2024-01-25 20:14:32,Hybrid/On Site
STAND 8,$55.00 - $62.00 a Hourly,2024-01-24 06:00:00,DATA ANALYST,"Alpharetta, GA",23b4b9ac9afd78ee,https://www.indeed.com/viewjob?jk=23b4b9ac9afd78ee&from=vjs&tk=1hl0h8nh4imja800&viewtype=embedded&xkcb=SoCZ67M3FgqtLyXIwR0HbzkdCdPP&continueUrl=%2Fjobs%3Fsc%3D0kf%253Ajt%2528contract%2529%253B%26q%3Ddata%2Banalyst%26page%3D80,Contract,2024-01-25 20:14:32,Hybrid/On Site
"TalentBurst, Inc.",$70.00 - $78.00 a Hourly,2024-01-10 06:00:00,Sr. Data Analyst,"Quincy, MA 02170",d0fd012efd61d299,https://www.indeed.com/viewjob?jk=d0fd012efd61d299&from=vjs&tk=1hl0h8nh4imja800&viewtype=embedded&advn=2769455239497812&adid=416904455&ad=-6NYlbfkN0AytblDjMhCTRr2PwXSTF3LlCyagmIhB_qBKYhkTsU9J0hTk5FFAzwJDmkNUWL_TlVwi5d_hZFTr5OG1scffa7AQRuP8WjBmELFfwI2T67xMCOEoPwpRDToVBW46Gqy2H6r-nW3yIZvo7yAXAbSI0llsygF-OEtcYrxMqbSbbi6fTEXIXFr3rgFq4IiO4U47ffWl_Ii09BnAplwCiPg5U-tKxG-pm09e5IFiuFaB87IazFwzjS-Vw4tb7z_cX2-Dfx2NzpucjF3S2InC5n1vCzSz7Xw8ilLFaFSfgT5UTeJ7XiEVJXjbooSs-m22B_SXr27UzgLULB2hr9h9hLTAriv6LdBioieBZkKg3JX4SunHvMdCteTykgDKK7LJkaz_HGlEBDHfWtf95jTseLk8AvPihKg4cQ0IZUWFmpGF4BjdHJ4UIcj8pmA2WX7gjqNm7En3PGIWqnGAPuIP6iDqMsNNNE1OQPLz4oIzxMbdlTI9Kb-Sfyg0rl0fnqTAnkaEQ0VR4Qys-bUrGYeST7WutuqqzuQV9aQZRFdPFqnMwvbby9DxoW9HlxiN9PNl6y6xY_nVd7eVNoe0t_i0zV026Pas9HQx15_nCQwPMkFH_d4lvo9gbnOgw0gphMVwMbHhijiWvEl1XmyaxaYF1canVhoxNKIVVtzsoudmei0f8_ns8IH5s6XRfbTvYV0_WZwxc6zlIMVBh7HwTb1clAwPk6IEffyp7Ul9FoaKdx1UE8R6Y1-nS0qRSgdL7ZET684SLBjl6oZLYcnjtoFl5hhtahxxm7PkY0xOATzAUWhKQb8piUsGbYuoDYf4MhB1JoTVAxuwELoXp2-cISByRk333_82nV0oNQQWBxsAyRLSQTkQyTpSmpVCEeRPjVbYwC5a2jooYhHbmyaq-Sh1MiKoyOMPJ_CUNg7dCbqkUQIcq69xl2YMdYmxO2C0_8_H86LOlXQ_ijLA_dAZQD5-80rYOscFf1G3PodDI5r2bcwB5Rdtp_remJADe3WZXOB-XRAtfM3YbkbJhUkekfWyvmo9dpyjbKkRr6N6WoejECF0sUByOz5ZaesDFnGe80_d0o8FqlKzjDVaH_dPWzB0ZMOwwFoPUhHwXxwUV5y4yOqiXRL0g4lQje2JxxT&xkcb=SoDZ6_M3FgqtLyXIwR0GbzkdCdPP&continueUrl=%2Fjobs%3Fsc%3D0kf%253Ajt%2528contract%2529%253B%26q%3Ddata%2Banalyst%26page%3D80,Contract,2024-01-25 20:14:32,Hybrid/On Site
NextRow Digital,"$83,371.00 - $105,566.27 a Yearly",2024-01-23 06:00:00,Data Exchange Business Analyst in IN,"Indianapolis, IN",63bf87ec560b6dfc,https://www.indeed.com/viewjob?jk=63bf87ec560b6dfc&from=vjs&tk=1hl0h8nh4imja800&viewtype=embedded&xkcb=SoCw67M3FgqtLyXIwR0FbzkdCdPP&continueUrl=%2Fjobs%3Fsc%3D0kf%253Ajt%2528contract%2529%253B%26q%3Ddata%2Banalyst%26page%3D80,Contract,2024-01-25 20:14:32,Hybrid/On Site
AgreeYa Solutions,$50.00 - $55.00 a Hourly,2024-01-24 06:00:00,Data Analyst,"Montgomery, AL",4428ab5932734208,https://www.indeed.com/viewjob?jk=4428ab5932734208&from=vjs&tk=1hl0h8ru1k7q8800&viewtype=embedded&advn=3100952094489187&adid=402888065&ad=-6NYlbfkN0Dwb_YIohz4zuU9-hizYTxpAJ9-qZQvsILXUPhgrrTAx1TYtkr7S8WxTNXlGLMW_ng_4uuhaTxMi36nzov5dxli8WB5ynbLpTZtFRpjCNRF8C5TpOSD6oMImUjGztKH2gfg-LX2SjlK0TyU7i5etQQvDYo2taFIDapFCUV03fJzABjuU7PfaxYUX7NQ5pW6jOEKHpc_Zzq03oWrwVLcpnKDGqp0TfLRh2m67yAPPLVDCZsY4T_lpcIyhkOFBFaErISt7GyQGHc8gf9Ut0iz2ZXkhNPK6FrbI0XezgVvB8d2VZvfKoqkXtNtpBd00QpHk7ZoN7E04XxmMGrVE9D_uSdxBfNedBsvpdU9udKAZcxTtcoeg1lU-O7nAkz2dCkyo0IlqzAvz1J9x1lez3qCJzaSDMwRxlh8Wz42tc5gNUjPRskcl08-DqSjtVwBI3FStShux0nIls3KCfCnO-61XiXIt1L-UR1eCqyTV0uLzPbg8ajjuTnRCSZM1e9zp7R29CSMdde9SoeJNX28LS2psgjkFuctI5Zu_mBadMi7vynfsEpGmH2Lv-BlTlzqOELO2u55uGuEVHES1zshZ9QfD95SeFQowOMZnaXEtSQehIyhH6q3gn1lwxfD&xkcb=SoCT6_M3FgqsWgW9Qx0JbzkdCdPP&continueUrl=%2Fjobs%3Fsc%3D0kf%253Ajt%2528contract%2529%253B%26q%3Ddata%2Banalyst%26page%3D90,Contract,2024-01-25 20:14:37,Hybrid/On Site
Caladwich Consulting LLC,"$62,000.00 - $70,000.00 a Yearly",2024-01-24 06:00:00,Jr. Data Analyst,Remote,fb2dfe8f3e2b8264,https://www.indeed.com/viewjob?jk=fb2dfe8f3e2b8264&from=vjs&tk=1hl0h8ru1k7q8800&viewtype=embedded&xkcb=SoB067M3FgqsWgW9Qx0NbzkdCdPP&continueUrl=%2Fjobs%3Fsc%3D0kf%253Ajt%2528contract%2529%253B%26q%3Ddata%2Banalyst%26page%3D90,Contract,2024-01-25 20:14:37,Remote
BNY Mellon,"$86,547.04 - $109,587.84 a Yearly",2024-01-23 06:00:00,Data Analyst III (contract),"Lake Mary, FL",5b09eeafd4d6e580,https://www.indeed.com/viewjob?jk=5b09eeafd4d6e580&from=vjs&tk=1hl0h8ru1k7q8800&viewtype=embedded&xkcb=SoDA67M3FgqsWgW9Qx0MbzkdCdPP&continueUrl=%2Fjobs%3Fsc%3D0kf%253Ajt%2528contract%2529%253B%26q%3Ddata%2Banalyst%26page%3D90,Contract,2024-01-25 20:14:37,Hybrid/On Site
Leadstack Inc,$40.00 - $50.00 a Hourly,2024-01-22 06:00:00,Data Analyst,"Sunnyvale, CA 94086",131a8b1b111eff14,https://www.indeed.com/viewjob?jk=131a8b1b111eff14&from=vjs&tk=1hl0h8ru1k7q8800&viewtype=embedded&xkcb=SoAp67M3FgqsWgW9Qx0DbzkdCdPP&continueUrl=%2Fjobs%3Fsc%3D0kf%253Ajt%2528contract%2529%253B%26q%3Ddata%2Banalyst%26page%3D90,Contract,2024-01-25 20:14:37,Hybrid/On Site
Trinity Technologies,$24.23 - $63.83 a Hourly,2024-01-25 06:00:00,Data Analyst,"Alpharetta, GA",6acaee116ae896fe,https://www.indeed.com/viewjob?jk=6acaee116ae896fe&from=vjs&tk=1hl0h8ru1k7q8800&viewtype=embedded&xkcb=SoCd67M3FgqsWgW9Qx0CbzkdCdPP&continueUrl=%2Fjobs%3Fsc%3D0kf%253Ajt%2528contract%2529%253B%26q%3Ddata%2Banalyst%26page%3D90,Part-time,2024-01-25 20:14:37,Hybrid/On Site
BNY Mellon,$80.00 - $88.00 a Hourly,2024-01-22 06:00:00,Senior Data Analyst (contract),"New York, NY",3d47c66df5528e2c,https://www.indeed.com/viewjob?jk=3d47c66df5528e2c&from=vjs&tk=1hl0h8ru1k7q8800&viewtype=embedded&xkcb=SoAA67M3FgqsWgW9Qx0BbzkdCdPP&continueUrl=%2Fjobs%3Fsc%3D0kf%253Ajt%2528contract%2529%253B%26q%3Ddata%2Banalyst%26page%3D90,Contract,2024-01-25 20:14:37,Hybrid/On Site
Core BTS,$45.00 - $50.00 a Hourly,2024-01-24 06:00:00,Data Analyst,"Topton, PA 19562",674aaeda263cbecb,https://www.indeed.com/viewjob?jk=674aaeda263cbecb&from=vjs&tk=1hl0h8ru1k7q8800&viewtype=embedded&xkcb=SoCO67M3FgqsWgW9Qx0GbzkdCdPP&continueUrl=%2Fjobs%3Fsc%3D0kf%253Ajt%2528contract%2529%253B%26q%3Ddata%2Banalyst%26page%3D90,Contract,2024-01-25 20:14:37,Hybrid/On Site
Chabez Tech,"$76,764.78 - $97,201.31 a Yearly",2024-01-24 06:00:00,Data Analyst,"Atlanta, GA 30302",a95d343e8f73dff7,https://www.indeed.com/viewjob?jk=a95d343e8f73dff7&from=vjs&tk=1hl0h8ru1k7q8800&viewtype=embedded&xkcb=SoAT67M3FgqsWgW9Qx0FbzkdCdPP&continueUrl=%2Fjobs%3Fsc%3D0kf%253Ajt%2528contract%2529%253B%26q%3Ddata%2Banalyst%26page%3D90,Contract,2024-01-25 20:14:37,Hybrid/On Site
Infoorigin inc,$27.12 - $61.00 a Hourly,2024-01-19 06:00:00,Data Analyst,"Richmond, VA",bfa72a7135a75fa0,https://www.indeed.com/viewjob?jk=bfa72a7135a75fa0&from=vjs&tk=1hl0h8ru1k7q8800&viewtype=embedded&xkcb=SoCn67M3FgqsWgW9Qx0EbzkdCdPP&continueUrl=%2Fjobs%3Fsc%3D0kf%253Ajt%2528contract%2529%253B%26q%3Ddata%2Banalyst%26page%3D90,Contract,2024-01-25 20:14:37,Hybrid/On Site
"TalentBurst, Inc.",$70.00 - $78.00 a Hourly,2024-01-10 06:00:00,Sr. Data Analyst,"Quincy, MA 02170",d0fd012efd61d299,https://www.indeed.com/viewjob?jk=d0fd012efd61d299&from=vjs&tk=1hl0h8ru1k7q8800&viewtype=embedded&advn=2769455239497812&adid=416904455&ad=-6NYlbfkN0AytblDjMhCTRr2PwXSTF3LlCyagmIhB_qBKYhkTsU9J0hTk5FFAzwJDmkNUWL_TlVwi5d_hZFTr5OG1scffa7AQRuP8WjBmELFfwI2T67xMCOEoPwpRDToVBW46Gqy2H6r-nW3yIZvo7yAXAbSI0llsygF-OEtcYrxMqbSbbi6fTEXIXFr3rgFq4IiO4U47ffWl_Ii09BnAplwCiPg5U-tKxG-pm09e5IFiuFaB87IazFwzjS-Vw4tb7z_cX2-Dfx2NzpucjF3S2InC5n1vCzSz7Xw8ilLFaFSfgT5UTeJ7XiEVJXjbooSs-m22B_SXr27UzgLULB2hr9h9hLTAriv6LdBioieBZkKg3JX4SunHvMdCteTykgDKK7LJkaz_HGlEBDHfWtf95jTseLk8AvPihKg4cQ0IZUWFmpGF4BjdHJ4UIcj8pmA2WX7gjqNm7En3PGIWqnGAPuIP6iDqMsNWUUR6txjwc471ldaFh2piynB0lG0OHiWRDR89Dv-yUT9YNc_mulJHB7epkT7U8DkNClkTpmtVckziq3Lddo3S28sDl-1H3TG7FchEQ9ir4dwcsrmkZM5Mu4DX-Q4M6JfWhfGYpPGeMtUQvv3ohxVXX1v6GYlemEGY3UKzGc-kHRkWxUZHVdCIxSYcHn5Zsywd2RTdgBbnfBzCnZcrvl7XR3o299fUglXl_RnY8uC5sO9MqbhTE9_9bkoPcaCluRiCZWvHWX333tZw4H1IIQi427XfEzOif5DmdsHbCGAoZMQCIJnzQOQQW5HnjOKf5dnv7HmQBrBQknb9Iyfv2IosXMC6nLcRni9JjmWqCpbp3Vuo1w1S5SmgF7pzOcCf9iXZhe6cbB1hEoXCmwqqt3m5x1Hqltu5hDaDzZEw7v8Eq13ooNFpFlANfnflv8JmSMDQT6I52ozi_hOcZFtZBlwABxcl6FfzYfz3Fa4sgkTxK7M9SOOfC5wVzQ3O70otNB_8FnHpeo4hOsFk7Kw_RldtKOz2d3FiiTWXh1ygSq59vvtfQTAz4QcEjTZlWDwcZT_ptA4Cwg6aaRGmdG1nEhQYJkIj_dS02OA0YLgqwFp3amtkcMRnHj8l8pewMkaQzH350lpsivxhRG_cMKGG7xI9gIRMJXfpAJ4&xkcb=SoB06_M3FgqsWgW9Qx0bbzkdCdPP&continueUrl=%2Fjobs%3Fsc%3D0kf%253Ajt%2528contract%2529%253B%26q%3Ddata%2Banalyst%26page%3D90,Contract,2024-01-25 20:14:37,Hybrid/On Site
"Restore ABA & Speech Therapy, LLC",$30.00 - $43.00 a Hourly,2024-01-16 06:00:00,Board Certified Behavior Analyst (BCBA),"Cypress, TX 77433",ab0bc38ff7a96d9e,https://www.indeed.com/viewjob?jk=ab0bc38ff7a96d9e&from=vjs&tk=1hl0h90u1k7a8800&viewtype=embedded&advn=5195849026123910&adid=425124099&ad=-6NYlbfkN0BNyV2ugVFv7NRZaN4j3YpAaPOHd2Y1i1x5eFnbYBfjj97IyEXXlltkPE9abzPkaeOxIEUnx0nWA1aMxwyyxCVseOfswKff7T5IReq9mUEyGmRDqqeNFNn93Ck_fqN7YC5PjkflE-SihRiVGnfGiOTWhQN2o1TS1QUF-w8avsSRJl0FEqDVWrcqUeBoK8lQU0LfCd4ij5PeNaTgGpovhHC3xmpa1Ud55Kyzrqzp-8ZcnYwMKeOdxMZaInshUEPzzcE6W30q-0aYnCmrsa77XCY8q11_4F1Atps9d4Ls3r007Q9CdTU0C3r78xEXajQ7wsHkAEh60SjC9cBGufavjaTp6tZnvGDkntgHNpekbQEjZfTlMtx18UINu91lp77nhejZaD2jMgRsVTIPrObJJ2u1gOBrErZ1-pKoGnqx-PigbS0RnM9OMA-dH52o2Ak0hjEREdQrgbyRxNrcyK9mJQ4KZ7nhyGolhWlEWX2ekS8d6KFF-ldSKyquCwrecPl8rL6Y4b2vJhfmQ11YgVk4gu_FOE9ssdlJLG9as1QOsdKRcpm4r-9irvnSBbdvF4nI0rdQEGq7L1RAqFr94un89PVDufd6BoDdbsIH6EkB89WqMAR4NWdof28GefPSa0vCcHg%3D&xkcb=SoCN6_M3Fgqr-gw9cR0ObzkdCdPP&continueUrl=%2Fjobs%3Fsc%3D0kf%253Ajt%2528contract%2529%253B%26q%3Ddata%2Banalyst%26page%3D100,Part-time,2024-01-25 20:14:42,Hybrid/On Site
Kforce,$50.00 - $60.00 a Hourly,2023-12-18 06:00:00,Business Analysts,"Charles Town, WV 25414",df5d90d1a97ed7b4,https://www.indeed.com/viewjob?jk=df5d90d1a97ed7b4&from=vjs&tk=1hl0h90u1k7a8800&viewtype=embedded&advn=253019782202538&adid=380630471&ad=-6NYlbfkN0C5IatSLh_Ak1q39eQQoPIxD737RW9NeiYGvIRXkrLjEBkC4LI6KweF8V4ozHZ8DEYapQ8qarSqfWDjPtf0a0fY85JGNe3MMJYqnV4XHq9MkRqeO2y3tXRAcokja1J6-oxZmXIDuSArn5tXrLVeXihBsU7j_NqOFHWNKxShQtfbh9YSi64Thpouij9Np7Q8rDv04ZfawJ_7W7Lo5YUt5LkSk_iC2MbwuGdL2c6MUCuyfEANFwR0fW_dfew6Su4UdyI8jOQVmgg3fWuAYjMB58rOOdbVI56DIZ218GV4F1fc-oAvHY4hOEjAyExvdHGoye8p8oGLE0nIR_9CF9n1pNFujX5UB0eylOHWAuenCQhXXurxosLQ6BHtcqb8ZYoxahlkrYhH0JsOTkT_1894nWqQjEcvJcVjzIvT-Th4Rf32TJhdwSmXhCsqM5urAKDm3Umtc18FV7GPu3E-BAWBhZXEcy_3fOExTsa1qvQ0OaMmc9IlAxAwyJDk1Rdve1kNkLram0Q6bL7nLvyosoMAuywBAU7g4hA4iKEs_DEPgIHeZ4BUR0jje8UdO_PapzdA7mS0M12--vMkiWtJwWUAnhqfg201S7yDk97yU_OEFts9cGRw01ya-zq_R-FqNPhnBX7giyjxW2HkZqBsBMEU9AdRmNW79KbT0z3_WVSzG3z0SMqXYTGEbD3HUw0TjmbC25Ppdf9qAPnUxymkBkHLvNYh1gVBvhTBhtNpBcQV9UK8zw%3D%3D&xkcb=SoCk6_M3Fgqr-gw9cR0MbzkdCdPP&continueUrl=%2Fjobs%3Fsc%3D0kf%253Ajt%2528contract%2529%253B%26q%3Ddata%2Banalyst%26page%3D100,Contract,2024-01-25 20:14:42,Hybrid/On Site
Caladwich Consulting LLC,"$62,000.00 - $70,000.00 a Yearly",2024-01-24 06:00:00,Jr. Data Analyst,Remote,fb2dfe8f3e2b8264,https://www.indeed.com/viewjob?jk=fb2dfe8f3e2b8264&from=vjs&tk=1hl0h90u1k7a8800&viewtype=embedded&xkcb=SoAN67M3Fgqr-gw9cR0CbzkdCdPP&continueUrl=%2Fjobs%3Fsc%3D0kf%253Ajt%2528contract%2529%253B%26q%3Ddata%2Banalyst%26page%3D100,Contract,2024-01-25 20:14:42,Remote
Info Jini INC Consulting,$40.00 - $50.00 a Hourly,2024-01-24 06:00:00,QA Data Analyst,"New York, NY 10027",eb87ae3f258d312a,https://www.indeed.com/viewjob?jk=eb87ae3f258d312a&from=vjs&tk=1hl0h90u1k7a8800&viewtype=embedded&xkcb=SoAk67M3Fgqr-gw9cR0AbzkdCdPP&continueUrl=%2Fjobs%3Fsc%3D0kf%253Ajt%2528contract%2529%253B%26q%3Ddata%2Banalyst%26page%3D100,Contract,2024-01-25 20:14:42,Hybrid/On Site
Pat N Sally Inc,$22.00 - $25.00 a Hourly,2024-01-24 06:00:00,Data Analyst,"Albany, NY 12210",acb6b06694b5df4d,https://www.indeed.com/viewjob?jk=acb6b06694b5df4d&from=vjs&tk=1hl0h90u1k7a8800&viewtype=embedded&xkcb=SoCq67M3Fgqr-gw9cR0HbzkdCdPP&continueUrl=%2Fjobs%3Fsc%3D0kf%253Ajt%2528contract%2529%253B%26q%3Ddata%2Banalyst%26page%3D100,Contract,2024-01-25 20:14:42,Hybrid/On Site
BNY Mellon,$80.00 - $88.00 a Hourly,2024-01-22 06:00:00,Senior Data Analyst (contract),"New York, NY",3d47c66df5528e2c,https://www.indeed.com/viewjob?jk=3d47c66df5528e2c&from=vjs&tk=1hl0h90u1k7a8800&viewtype=embedded&xkcb=SoA367M3Fgqr-gw9cR0EbzkdCdPP&continueUrl=%2Fjobs%3Fsc%3D0kf%253Ajt%2528contract%2529%253B%26q%3Ddata%2Banalyst%26page%3D100,Contract,2024-01-25 20:14:42,Hybrid/On Site
iSpeed Group llc,"$74,465.00 - $80,906.00 a Yearly",2023-11-04 05:00:00,Data Analyst,Remote,1d1c75444f4b2641,https://www.indeed.com/viewjob?jk=1d1c75444f4b2641&from=vjs&tk=1hl0h90u1k7a8800&viewtype=embedded&xkcb=SoCk67M3Fgqr-gw9cR0abzkdCdPP&continueUrl=%2Fjobs%3Fsc%3D0kf%253Ajt%2528contract%2529%253B%26q%3Ddata%2Banalyst%26page%3D100,Part-time,2024-01-25 20:14:42,Remote
BNY Mellon,"$86,547.04 - $109,587.84 a Yearly",2024-01-23 06:00:00,Data Analyst III (contract),"Lake Mary, FL",5b09eeafd4d6e580,https://www.indeed.com/viewjob?jk=5b09eeafd4d6e580&from=vjs&tk=1hl0h90u1k7a8800&viewtype=embedded&xkcb=SoA567M3Fgqr-gw9cR0ZbzkdCdPP&continueUrl=%2Fjobs%3Fsc%3D0kf%253Ajt%2528contract%2529%253B%26q%3Ddata%2Banalyst%26page%3D100,Contract,2024-01-25 20:14:42,Hybrid/On Site
"TalentBurst, Inc.",$20.00 - $50.00 a Hourly,2024-01-17 06:00:00,Business Analyst,"El Segundo, CA 90245",444611836c9c19bf,https://www.indeed.com/viewjob?jk=444611836c9c19bf&from=vjs&tk=1hl0h90u1k7a8800&viewtype=embedded&advn=2769455239497812&adid=416904455&ad=-6NYlbfkN0AytblDjMhCTRr2PwXSTF3LlCyagmIhB_qBKYhkTsU9J0hTk5FFAzwJDmkNUWL_TlUxwgS2GIVWw-ypesukNueVHcKUNfwp8bNamBdKZUcbTYeMtP41NICpdpGQDGAysmB_XXNtbhJW3sM7hUFbfJzcmsiuC6KkMVe4lZdgpJxxk2-djkqN8hSFaf231-s2DJmmS6o_YpzA9WZuRl0R--UAnwMYE0nrmYbk6TbUvG8KdW3dBNEDFLBwhP1RaR5DQJLQhJAVYV3rQXRQRwseaAWLJfKKfka6NPkPdTLdnPYPScOg-DZr10BSypTYBdky7CpTvFh4Lc1GKpHh9E66siXljJt9Mn5eannEgLruoEnoQzABOIHJhEiaYpCxIZsAHi75GIoB0iZmE6SB-nmSWWLQzHJE2v1obwmmNND_lG51vBuFZgczm4SZ3tMEhLCEiuo_1DqqzSi_7x8Yy6rkhEJQnR-eM3Gwzo_04joIf_Tt2S4AadjcQJmVrid5t4OaxMtLZr3sDo1w2tMhfpNCtf3QsAQ_TX5TMXlw0e7muLxocFBJkwjL97GcPgXN6FwNeCeIQBpfAAj8o5TX8CiXSGKLXT1R5kHtsrCsNZuXF21S5ilzJsW_O9BWlWGKTpkfRgGVhtOfqIXj6KX7N511McqqBrMzhLNiOnzr1lV0UgF1vxWk-40373uPnbwUFMKHWJV2VxpaCCzD5bn2gyba8wlQSMwM0FvIXHmnw1zJbX_U-nyWEH38T3BuPMWKv7RZopmLYgE35YcODaXysnIATYQZ6uRP0U33rClonNg6AZkaGndDIXm5Ehuc34Gkvpnj_hJMxmGgoY4vVk1qb9jk8cNmh5PHOrHyF58_yErs3VgLVeq6dDlmxVDAeN4-dQDjTm4arecCHGIr6SSrVe_c_qGLdIlT40akBrRQrOAWjnYq1qI910ouGEHOyQmq_WnmoK1glN4UL--jpOrFaDatviIZo-4IgQt41EMudFStx04n_AWDL9dd2dT301j7SO5HuzoOWluKRLNUhvick54C3DiyKg2KX4g6cfmCso-RUUE4WihhHEWL92MJNz84GuUme3mLcz8MV1RTWF9dkD8nD59nOv1WadidrIGJTTesBJKtlBoirz3x3oSX&xkcb=SoB56_M3Fgqr-gw9cR0YbzkdCdPP&continueUrl=%2Fjobs%3Fsc%3D0kf%253Ajt%2528contract%2529%253B%26q%3Ddata%2Banalyst%26page%3D100,Contract,2024-01-25 20:14:42,Hybrid/On Site
ALTA IT Services,$0.00 - $45.00 a Hourly,2024-01-24 06:00:00,Informatica IDMC - Data Analyst / Engineer - Contract to Hire - Remote,"Baltimore, MD 21224",3d81c2ec603b75b2,https://www.indeed.com/viewjob?jk=3d81c2ec603b75b2&from=vjs&tk=1hl0h9a9ni454803&viewtype=embedded&advn=1591925339783298&adid=380754293&ad=-6NYlbfkN0AXtvPDqDev6liskt-h_3vAUEMM26GmMOlWYCAn-kvNiXTWhOpXUsJAjGAig0pzkvagohg1Z79cLlkkh08lmJEWqBBMlHVp-884gdHch1FwwhnxOFRkCRKcB5saeR-DYgdal8m0Kx-WOzQalLe0jO4D62eaW55llFeTZa_vOrfhnNn3kmgvh6ZsJA0ltwV1TUYC_588y0rGc4bY2KYq3r-3QAdG063xZmdPuxS-t9lQUWQTb4gY_UWyAAnsPt1fYiLtDu3PFEIbvaXqR6zavJ14MaLq2KJGuw1wTP_6JqgbSMQN76l_sNBvHTw_uGS5ZqVnFL-PgSIy0271Z6Q_Y6qEGU7ZykGw2n0ACW2aRtVLiE4Lih0RB-chBqe6qKnbdHFueX6JDMC5Pk5yft9i-RoKPzfBMheutbxZ3Mfa1Xu_rpFSNpHWnC3BRHBScB-vcbdTIj_hGZ84aImZ6tkfY1_0MbkTLP7YwIqAUCpZw-Nr_-yFvQIa3oml8y2ouudbN7j0hQLZH56enMJRMdQwmGL5qQHvUD2a_0GQ-PWTsZt98rK6nhIPBVGreLaSIR_UuGx0qlVzlTIleJZoypkOmtG4Gdh6CTmxtExCzXdf0Xk500tB66I8_jHapFa5z2UrozfMEGWCpHrst3Ky7ool7AIovul8vayrUHnd3fzUoo9JDx029-qDmHFSZ8OCLuFBxrLUfzgQpGoOPrS4hcJnv7QwdYXWUyGZAEz8o3gd0H6PluiMSdPbfl0XMCRDVXDXsKNbSK1zbz7ueGs5DcEgFVC25fE1cUu14rcwUmtY8xug_g%3D%3D&xkcb=SoCP6_M3FgqqljRytJ0LbzkdCdPP&continueUrl=%2Fjobs%3Fsc%3D0kf%253Ajt%2528contract%2529%253B%26q%3Ddata%2Banalyst%26page%3D110,Contract,2024-01-25 20:14:51,Hybrid/On Site
Caladwich Consulting LLC,"$62,000.00 - $70,000.00 a Yearly",2024-01-24 06:00:00,Jr. Data Analyst,Remote,fb2dfe8f3e2b8264,https://www.indeed.com/viewjob?jk=fb2dfe8f3e2b8264&from=vjs&tk=1hl0h9a9ni454803&viewtype=embedded&xkcb=SoDm67M3FgqqljRytJ0IbzkdCdPP&continueUrl=%2Fjobs%3Fsc%3D0kf%253Ajt%2528contract%2529%253B%26q%3Ddata%2Banalyst%26page%3D110,Contract,2024-01-25 20:14:51,Remote
"Restore ABA & Speech Therapy, LLC",$30.00 - $43.00 a Hourly,2024-01-16 06:00:00,Board Certified Behavior Analyst (BCBA),"Cypress, TX 77433",ab0bc38ff7a96d9e,https://www.indeed.com/viewjob?jk=ab0bc38ff7a96d9e&from=vjs&tk=1hl0h9a9ni454803&viewtype=embedded&advn=5195849026123910&adid=425124099&ad=-6NYlbfkN0BNyV2ugVFv7NRZaN4j3YpAaPOHd2Y1i1x5eFnbYBfjj97IyEXXlltkPE9abzPkaeOxIEUnx0nWA1aMxwyyxCVseOfswKff7T5IReq9mUEyGmRDqqeNFNn93Ck_fqN7YC5PjkflE-SihRiVGnfGiOTWhQN2o1TS1QUF-w8avsSRJl0FEqDVWrcq_cYEo_WR98tZuH9M-opQ0xF_54VwqCcCSxB8VxCGd9r0E4yc0BvwK36IVV8ndEJBc06I7kFgNVBeUoWOEBlZDcoiTfybhxGV3qn_i0DzxFGLBdT9t7FNMvDltVEA0enSd9ocpxT9NWHKPUxYGmxtjUHdirvaXWvm-P8hVPYVnsSG0UmEhfIK45SeriyziMS4FEGEdGeiHCrYp3t2eQLxHqNEuVDiq-7i9hn4RJt3RQ5CMZKXUAD6MLQ8-j2zhr9_UwMRL1ZIaNX3DlpAxluriWcl8C8qyR_Bxvfrtf9HdLu1Ej0qa43RFM7_GkAKKY10BwdzkIKaL3hYelarO1b7RwOFzCMgPlRTB2kyhs557SN-TvIEPIl4Ookg4evPRvstQFWolEQ-7znQtp3vD1RgRYD-_xkYYRZvhz2PPPfmnf6ZC3_-E2rCu6kouG8CT1g7alJjR2jan4w%3D&xkcb=SoAo6_M3FgqqljRytJ0ObzkdCdPP&continueUrl=%2Fjobs%3Fsc%3D0kf%253Ajt%2528contract%2529%253B%26q%3Ddata%2Banalyst%26page%3D110,Part-time,2024-01-25 20:14:51,Hybrid/On Site
BNY Mellon,"$86,547.04 - $109,587.84 a Yearly",2024-01-23 06:00:00,Data Analyst III (contract),"Lake Mary, FL",5b09eeafd4d6e580,https://www.indeed.com/viewjob?jk=5b09eeafd4d6e580&from=vjs&tk=1hl0h9a9ni454803&viewtype=embedded&xkcb=SoBB67M3FgqqljRytJ0NbzkdCdPP&continueUrl=%2Fjobs%3Fsc%3D0kf%253Ajt%2528contract%2529%253B%26q%3Ddata%2Banalyst%26page%3D110,Contract,2024-01-25 20:14:51,Hybrid/On Site
Chabez Tech,"$76,764.78 - $97,201.31 a Yearly",2024-01-24 06:00:00,Data Analyst,"Atlanta, GA 30302",a95d343e8f73dff7,https://www.indeed.com/viewjob?jk=a95d343e8f73dff7&from=vjs&tk=1hl0h9a9ni454803&viewtype=embedded&xkcb=SoAc67M3FgqqljRytJ0DbzkdCdPP&continueUrl=%2Fjobs%3Fsc%3D0kf%253Ajt%2528contract%2529%253B%26q%3Ddata%2Banalyst%26page%3D110,Contract,2024-01-25 20:14:51,Hybrid/On Site
Motion Recruitment,$33.00 - $37.00 a Hourly,2023-12-07 06:00:00,Data Analyst,"Durham, NC 27707",1705e770febf7356,https://www.indeed.com/viewjob?jk=1705e770febf7356&from=vjs&tk=1hl0h9a9ni454803&viewtype=embedded&advn=3637460776557865&adid=409148106&ad=-6NYlbfkN0DlG8eQ-E_eElbjQUAvh1Po9TMRdgcP7wLVIjfv-ORu9JgO3eKYfgel2s47D-0NuUUeQIvpyAMy7TYEtkzgimr-x0SsoQw9H5793YgOstLZETE_piEpdDrDtz19GOnO-j8Zincd72NeWET50nR-m0WxmuM2UBUTI3srqH-AQi-d9GCR9LeOYqqH0qfZ3UK5PFYzsIxvKSvF_vbzF0nwvm7oNB0r3WRUCsO3MObWP7IkFxh4OxfErn2kxJWfCc6RqrZ2u2eDCHfWddcfPaeM4OzAQ0c_3rk8IGX_wxnEBZIAUuU0zP4ZM6JXpQzU6dHVpaKB96Uyb4irtWAwwtDAAq_wahk4QlwVgwgPEFJ5aRn3FzrG7z3pXyFBv1siWN_OuR4gumVsR788nbzIUdKOK2kslxijnizIgHFrS4S4EuuKiZgqBe7hI5j1bK-cggAlDxQqZwmb5Q-9e6pnX4JQHVJUrcm9kcdQqdo4Y-2xDgAr40Nv4OoxzyvPmpIpg43jlqq64slJPqeTeWoNUw85wM_8WnFvJNBl8fAfIB43s8-v4VaJ35wsPHhH6Lay-B8aM4SldWbFzrHnANtYTZgYrl7C0hzCC_1_V4d8j9j81C6iYawtWwR4ViGWDr78-Cx75yRGJ6ddbSRvXuW2dsI0l7DXBFi1d7d_stMUecZ9j1ZP-SvsqR9w_yiZZXTiANsp4aZ1N3nEpLsKzM-jzc79tNnMKw7TLL9zycU6hrhhAQXy-8ipjLJH1LCr-0-xHl8K7d_e5AFwtUSwW9_0Xnon9GY-EVVSr4oXrdzdfvIA2S5DNn-0nCO18JB4uGOtGAZHzq_V63FS-P2ddMb65EmRk7YpCwgsJfivd_aQOfUCwDkOiODqmjUmLgC6-xqvi4y4BxuUngHXVxlY20LTc4e3OoXU7sQyEDA5Rrg%3D&xkcb=SoBc6_M3FgqqljRytJ0CbzkdCdPP&continueUrl=%2Fjobs%3Fsc%3D0kf%253Ajt%2528contract%2529%253B%26q%3Ddata%2Banalyst%26page%3D110,Contract,2024-01-25 20:14:51,Hybrid/On Site
Leadstack Inc,$40.00 - $50.00 a Hourly,2024-01-22 06:00:00,Data Analyst,"Sunnyvale, CA 94086",131a8b1b111eff14,https://www.indeed.com/viewjob?jk=131a8b1b111eff14&from=vjs&tk=1hl0h9a9ni454803&viewtype=embedded&xkcb=SoA167M3FgqqljRytJ0BbzkdCdPP&continueUrl=%2Fjobs%3Fsc%3D0kf%253Ajt%2528contract%2529%253B%26q%3Ddata%2Banalyst%26page%3D110,Contract,2024-01-25 20:14:51,Hybrid/On Site
BNY Mellon,$80.00 - $88.00 a Hourly,2024-01-22 06:00:00,Senior Data Analyst (contract),"New York, NY",3d47c66df5528e2c,https://www.indeed.com/viewjob?jk=3d47c66df5528e2c&from=vjs&tk=1hl0h9a9ni454803&viewtype=embedded&xkcb=SoAP67M3FgqqljRytJ0HbzkdCdPP&continueUrl=%2Fjobs%3Fsc%3D0kf%253Ajt%2528contract%2529%253B%26q%3Ddata%2Banalyst%26page%3D110,Contract,2024-01-25 20:14:51,Hybrid/On Site
SN Cloud Solutions,"$99,365.57 - $125,818.96 a Yearly",2024-01-16 06:00:00,Data Analyst,"Richmond, VA",893620e91f5edfb8,https://www.indeed.com/viewjob?jk=893620e91f5edfb8&from=vjs&tk=1hl0h9a9ni454803&viewtype=embedded&xkcb=SoC767M3FgqqljRytJ0GbzkdCdPP&continueUrl=%2Fjobs%3Fsc%3D0kf%253Ajt%2528contract%2529%253B%26q%3Ddata%2Banalyst%26page%3D110,Contract,2024-01-25 20:14:51,Hybrid/On Site
Delviom LLC,$45.00 - $50.00 a Hourly,2024-01-17 06:00:00,Business Data Analyst,"Chicago, IL 60609",84eba0240abf571a,https://www.indeed.com/viewjob?jk=84eba0240abf571a&from=vjs&tk=1hl0h9a9ni454803&viewtype=embedded&xkcb=SoAm67M3FgqqljRytJ0FbzkdCdPP&continueUrl=%2Fjobs%3Fsc%3D0kf%253Ajt%2528contract%2529%253B%26q%3Ddata%2Banalyst%26page%3D110,Contract,2024-01-25 20:14:51,Hybrid/On Site
Atlas,$80.00 - $90.00 a Hourly,2023-11-17 06:00:00,Scientific Business Analyst - Formulation Development,"Tarrytown, NY 10591",465ee35ee040b0c8,https://www.indeed.com/viewjob?jk=465ee35ee040b0c8&from=vjs&tk=1hl0h9a9ni454803&viewtype=embedded&advn=9204108930614094&adid=420250063&ad=-6NYlbfkN0DFt5CLWch_-uKpf_0Ky8M_iFaKSU6X2cPjQwIk2lGN2xtd-XSd2vFq47PYS_DTBw0NirUm0iqDr8VWnlf01-IuuxyE8YQYzpssj0qT7dwOV5ZAfap6IOKUNMhuE1XMIjC6geTAkK0KsoLz1u9JX0Uv7NuYbjQ1kKE7lk2PQOxXAea7eC40Rq9F8mgUlV3NK6HkNCv823ROC_xokQPUGYaC3eThrGhq8IJ4pS76L88c9ANOnmp7IdBLd-_RdnZMZup0Gnh9_X5yzmzTNMa_6q0-R-Xlgb04i6Y2yYoBLkaC95kBNG3jr19wGCwjCTJ4bXkIEFgUZLMkHkgc1YUnmS1vO9w6Og7V-W-GPz_Tmk_ok0SWbZuUiqaht3SRBwlkdksgi_8OeZCVHXdDLyATrc51Lg1Utojd2OCbOyCHNI6VJ14NQSX82ZyuShqYbEKeM9190bDq842RcbHtuNYx5yI51nSXlLRO3j3rQfTwEJtyHal9nrU2Pq_hfBZJpHuoATkrc0kA1Wb-NtAQ291JEl6G_9MirktjL8Q4vxemcehurUOfryvYBFaSpuOjCOCZuwKzvwm5OAkESGNSkfp0zicX_LaRQafy8pc-XnJeJCgZl1WQElnZ3P_Xkkv50tjjlfFYejADc26ZUxL17JSbA2p-sHHedCeMB4jXSDH3xaAJUg%3D%3D&xkcb=SoBm6_M3FgqqljRytJ0EbzkdCdPP&continueUrl=%2Fjobs%3Fsc%3D0kf%253Ajt%2528contract%2529%253B%26q%3Ddata%2Banalyst%26page%3D110,Contract,2024-01-25 20:14:51,Hybrid/On Site
